ID_Interno	AFR	EUR	AYMARA	CHILE_SUR	AMERINDIO
ARI-001	1e-05	1e-05	0.993213	0.006757	0.99997
ARI002	0.025671	0.322549	0.448714	0.203056	0.65177
ARI-002	0.028073	0.338079	0.491571	0.127517	0.619088
ARI003	0.02265	0.202441	0.731839	0.04306	0.774899
ARI-003	0.02559	0.218228	0.708171	0.045298	0.753469
ARI004	1e-05	1e-05	0.965977	0.033993	0.99997
ARI-004	1e-05	0.060953	0.902188	0.022968	0.925156
ARI-005	1e-05	0.013439	0.98118	1e-05	0.98119
ARI-006	0.038922	0.107642	0.684533	0.165221	0.849754
ARI-007	1e-05	1e-05	0.863716	0.136254	0.99997
ARI008	0.013697	0.206318	0.509553	0.26211	0.771663
ARI-008	0.019019	0.239852	0.583103	0.149	0.732103
ARI-009	0.022244	0.103269	0.845698	0.009491	0.855189
ARI010	0.019374	0.493385	1e-05	0.487221	0.487231
ARI-010	0.019053	0.530586	0.031683	0.413849	0.445532
ARI-012	1e-05	0.588056	0.411924	1e-05	0.411934
ARI-013	0.101426	0.291052	0.536489	0.071033	0.607522
ARI014	0.005581	0.190549	0.549513	0.245346	0.794859
ARI-014	0.011582	0.224149	0.530192	0.224522	0.754714
ARI-015	0.02729	0.120098	0.721965	0.125703	0.847668
ARI017	0.138586	0.18518	0.561479	0.114746	0.676225
ARI-017	0.139306	0.188006	0.58208	0.090597	0.672677
ARI-018	1e-05	1e-05	0.99997	1e-05	0.99998
ARI019	1e-05	1e-05	0.983375	0.016595	0.99997
ARI-019	0.005637	0.081675	0.874791	0.024133	0.898924
ARI021	1e-05	1e-05	0.99996	1e-05	0.99997
ARI-021	0.01226	0.069311	0.903888	0.01453	0.918418
ARI022	1e-05	0.087181	0.893367	0.019433	0.9128
ARI-022	0.020931	0.121703	0.857346	1e-05	0.857356
ARI-023	0.005648	0.24344	0.426396	0.314582	0.740978
ARI-033	0.021835	0.880742	0.009277	0.079893	0.08917
ARI-034	0.021193	0.452758	0.299249	0.2268	0.526049
ARI-040	0.053194	0.585699	0.222217	0.115837	0.338054
ARI-043	0.217956	0.394269	0.345832	0.041943	0.387775
ARI-048	0.059823	0.842157	0.09801	1e-05	0.09802
ARI-050	0.199737	0.356911	0.289551	0.15379	0.443341
ARI-052	0.014114	0.444189	0.294819	0.246878	0.541697
ARI-053	1e-05	1e-05	0.850304	0.149676	0.99998
ARI-056	0.033873	0.51787	0.074184	0.360018	0.434202
ARI-059	0.040365	0.531942	0.188608	0.233544	0.422152
ARI-063	1e-05	0.558797	0.297527	0.143666	0.441193
ARI-067	0.037181	0.628833	0.025475	0.301757	0.327232
ARI-072	0.035384	0.463124	0.341804	0.159689	0.501493
ARI-077	1e-05	1e-05	0.948037	0.051943	0.99998
ARI-079	0.149906	0.403257	0.306982	0.139854	0.446836
ARI-083	0.078436	0.378899	0.472628	0.070037	0.542665
ARI-084	0.07991	0.631985	0.132272	0.155832	0.288104
ARI-089	0.089668	0.110367	0.784201	0.015764	0.799965
ARI-095	0.168951	0.494127	0.336912	1e-05	0.336922
ARI-097	0.020917	0.554042	0.092016	0.327576	0.419592
ARI-102	1e-05	1e-05	0.738064	0.261916	0.99998
ARI-104	0.011436	0.557277	0.11851	0.28831	0.40682
ARI-114	0.013658	0.38203	0.405949	0.190272	0.596221
ARI-138	0.27901	0.486072	0.076296	0.158622	0.234918
ARI-151	1e-05	0.037514	0.761301	0.201175	0.962476
ARI-155	1e-05	0.120411	0.789314	0.090264	0.879578
ARI-156	1e-05	0.020247	0.683748	0.295995	0.979743
ARI-165	1e-05	1e-05	0.932003	0.067977	0.99998
ARI-166	1e-05	1e-05	0.92344	0.07654	0.99998
ARI-182	0.018431	0.079901	0.835538	0.06613	0.901668
ARI-191	0.023693	0.570049	0.119695	0.269843	0.389538
ARI-196	1e-05	1e-05	0.839509	0.160471	0.99998
ARI-206	0.193679	0.360604	0.354878	0.090839	0.445717
ARI-209	0.043427	0.415381	0.234203	0.306989	0.541192
ARI-215	0.013416	0.441848	0.380865	0.151324	0.532189
ARI-222	1e-05	0.438845	0.394868	0.166278	0.561146
ARI-226	0.006499	0.205967	0.458493	0.316049	0.774542
ARI-232	0.007791	1e-05	0.902513	0.089686	0.992199
ARI-234	1e-05	1e-05	0.99997	1e-05	0.99998
ARI-235	0.088801	0.559486	1e-05	0.351703	0.351713
ARI-240	1e-05	0.108456	0.631044	0.26049	0.891534
ARI-241	0.05667	0.314198	0.478109	0.151023	0.629132
ARI-243	0.027338	0.035457	0.741845	0.19536	0.937205
ARI-245	0.207021	0.411951	0.248221	0.132807	0.381028
ARI-252	1e-05	1e-05	0.814188	0.185792	0.99998
ARI-258	1e-05	0.031018	0.968962	1e-05	0.968972
ARI-261	1e-05	0.030516	0.936434	0.03304	0.969474
CDSJ-001	0.079826	0.533979	0.05346	0.332735	0.386195
CDSJ-002	0.030384	0.448586	0.251308	0.269722	0.52103
CDSJ-003	0.062057	0.417812	0.156289	0.363841	0.52013
CDSJ-004	0.068284	0.528965	1e-05	0.402741	0.402751
CDSJ-006	0.015787	0.531924	0.014694	0.437596	0.45229
CDSJ-009	0.015495	0.541195	0.053176	0.380704	0.43388
CDSJ-011	0.027963	0.421196	0.15475	0.396091	0.550841
CDSJ-013	0.010565	0.527918	0.10302	0.355297	0.458317
CDSJ-015	0.022722	0.548936	0.053253	0.375089	0.428342
CDSJ-016	0.074767	0.57588	0.092703	0.25665	0.349353
CDSJ-018	0.004494	0.754407	0.103335	0.137764	0.241099
CDSJ-020	0.06583	0.554123	1e-05	0.380036	0.380046
CDSJ021	0.014168	0.494318	0.035916	0.455587	0.491503
CDSJ-021	0.022078	0.522176	0.109381	0.328662	0.438043
CDSJ-022	0.049642	0.526754	0.12179	0.301815	0.423605
CDSJ-024	0.048925	0.541495	0.12099	0.288589	0.409579
CDSJ-026	0.073131	0.516902	0.127216	0.28275	0.409966
CDSJ-029	0.016901	0.564343	0.237056	0.181699	0.418755
CDSJ-030	0.034	0.546214	0.177324	0.242463	0.419787
CDSJ-031	0.056065	0.60344	0.080724	0.259771	0.340495
CDSJ-032	0.037787	0.360317	0.107234	0.476622	0.583856
CDSJ-034	1e-05	0.474772	0.39311	0.132108	0.525218
CDSJ-035	0.079186	0.534633	0.171541	0.21464	0.386181
CDSJ-036	0.061805	0.574395	0.149902	0.213898	0.3638
CDSJ-037	0.00991	0.567358	0.085693	0.326909	0.412602
CDSJ-040	0.060054	0.434787	0.326442	0.178717	0.505159
CDSJ-042	0.098686	0.409201	0.079569	0.412543	0.492112
CDSJ-044	0.084321	0.31628	0.257276	0.342123	0.599399
CDSJ-045	0.026273	0.648205	1e-05	0.325513	0.325523
CDSJ-046	0.008165	0.588167	0.020294	0.377699	0.397993
CDSJ-047	1e-05	0.67848	0.141744	0.179766	0.32151
CDSJ-048	0.053887	0.593723	1e-05	0.35238	0.35239
CDSJ-051	0.056114	0.505717	0.167117	0.271052	0.438169
CDSJ-053	0.025454	0.604889	0.057677	0.31198	0.369657
CDSJ-056	0.025058	0.61773	0.109656	0.247555	0.357211
CDSJ-057	0.034566	0.59254	0.278952	0.093941	0.372893
CDSJ-058	0.039825	0.527499	0.35599	0.076687	0.432677
CDSJ-059	0.077926	0.421587	0.374583	0.125904	0.500487
CDSJ-064	0.078504	0.477565	0.353869	0.090061	0.44393
CDSJ-065	0.020886	0.525663	0.204392	0.249059	0.453451
CDSJ-069	0.03798	0.666158	1e-05	0.295853	0.295863
CDSJ-070	0.013541	0.551804	0.019868	0.398694	0.418562
CDSJ-071	0.087519	0.473287	0.166222	0.272972	0.439194
CDSJ-072	0.017754	0.545791	0.148816	0.287639	0.436455
CDSJ-073	1e-05	0.566527	0.187054	0.246409	0.433463
CDSJ-075	0.083661	0.55593	0.135935	0.224474	0.360409
CDSJ-076	0.047571	0.504799	0.153795	0.293835	0.44763
CDSJ-077	0.021448	0.58939	0.0628	0.309782	0.372582
CDSJ-078	0.02592	0.523101	0.06172	0.362133	0.423853
CDSJ-079	0.017104	0.682424	0.165164	0.135308	0.300472
CDSJ-083	0.003214	0.452398	0.307287	0.237101	0.544388
CDSJ-084	0.040742	0.46318	0.169399	0.326679	0.496078
CDSJ-085	0.079133	0.55694	0.168648	0.195279	0.363927
CDSJ-087	0.074882	0.480712	0.216843	0.227562	0.444405
CDSJ-088	0.008824	0.581375	0.292591	0.11721	0.409801
CDSJ-097	0.014373	0.554588	0.07464	0.342642	0.417282
CDSJ-098	0.068038	0.576489	1e-05	0.355463	0.355473
CDSJ-099	1e-05	0.116241	1e-05	0.882787	0.882797
CDSJ-101	0.065484	0.323173	0.308177	0.303166	0.611343
CDSJ-102	0.023877	0.410547	0.443183	0.122393	0.565576
CDSJ-104	1e-05	0.586756	0.139524	0.273709	0.413233
CDSJ-105	0.068623	0.572001	0.154786	0.204589	0.359375
CDSJ-106	0.050367	0.20353	1e-05	0.746093	0.746103
CDSJ-109	1e-05	0.544046	0.257126	0.198819	0.455945
CDSJ-111	0.053802	0.378742	0.459372	0.108084	0.567456
CDSJ-112	0.052342	0.660645	1e-05	0.287004	0.287014
CDSJ-113	0.064367	0.602795	1e-05	0.332828	0.332838
CDSJ-114	0.046631	0.481486	0.344676	0.127207	0.471883
CDSJ-117	0.02387	0.517884	0.115901	0.342345	0.458246
CDSJ-118	1e-05	0.345994	1e-05	0.653986	0.653996
CDSJ-119	0.01626	0.527289	0.070844	0.379217	0.450061
CDSJ-122	0.048169	0.655671	0.122818	0.173342	0.29616
CDSJ-123	0.018946	0.533487	0.379525	0.068043	0.447568
CDSJ-125	0.00309	0.495205	0.036409	0.444725	0.481134
CDSJ-126	0.008109	0.849397	0.043228	0.099266	0.142494
CDSJ-128	0.014635	0.691413	0.001153	0.292799	0.293952
CDSJ-129	1e-05	0.527249	1e-05	0.472731	0.472741
CDSJ-130	1e-05	0.778007	0.058587	0.163396	0.221983
CDSJ-131	0.00298	0.618822	0.367716	0.010482	0.378198
CDSJ-132	0.008798	0.591999	0.09718	0.289251	0.386431
CDSJ-133	0.016506	0.508405	0.290028	0.185061	0.475089
CDSJ-134	0.010725	0.588872	0.312928	0.087475	0.400403
CDSJ-135	0.017641	0.476828	0.177404	0.328127	0.505531
CDSJ-138	0.058655	0.488905	0.118037	0.334403	0.45244
CDSJ-139	0.029457	0.579536	0.091881	0.299126	0.391007
CDSJ-140	0.010156	0.521032	0.280046	0.188766	0.468812
CDSJ-141	1e-05	0.387923	0.302973	0.309094	0.612067
CDSJ-142	0.062054	0.696974	0.185202	0.055769	0.240971
CDSJ-144	0.02171	0.482478	0.282739	0.213073	0.495812
CDSJ-147	0.066712	0.403934	0.188886	0.325777	0.514663
CDSJ-148	0.075013	0.327821	0.597157	1e-05	0.597167
CDSJ-150	0.056869	0.440613	0.361577	0.140941	0.502518
CDSJ-152	1e-05	0.787175	0.153829	0.058986	0.212815
CDSJ-153	0.081908	0.602497	1e-05	0.315585	0.315595
CDSJ-154	0.093525	0.543385	0.22066	0.14243	0.36309
CDSJ-156	0.032338	0.354048	0.167097	0.446516	0.613613
CDSJ-157	1e-05	0.276283	1e-05	0.698378	0.698388
CDSJ-158	0.022123	0.529321	0.085963	0.345995	0.431958
CDSJ-159	0.009072	0.566584	0.118658	0.285104	0.403762
CDSJ-160	0.085117	0.599791	0.179707	0.135385	0.315092
CDSJ-161	0.034472	0.547286	0.20847	0.209772	0.418242
CDSJ-163	0.047248	0.461557	0.224535	0.26666	0.491195
CDSJ-164	0.008568	0.644159	1e-05	0.347263	0.347273
CDSJ-166	1e-05	0.710738	0.086157	0.203095	0.289252
CDSJ-167	0.121732	0.495635	0.038957	0.343676	0.382633
CDSJ-170	0.03032	0.55459	0.068642	0.33701	0.405652
CDSJ-171	0.029513	0.4781	0.023921	0.458727	0.482648
CDSJ-172	0.002866	0.606994	0.015215	0.374926	0.390141
CDSJ-173	1e-05	0.754719	0.150646	0.094626	0.245272
CDSJ-174	0.123197	0.612529	1e-05	0.264264	0.264274
CDSJ-177	0.02986	1e-05	0.307743	0.662386	0.970129
CDSJ-178	0.016182	0.563249	1e-05	0.420559	0.420569
CDSJ-179	0.001471	0.375328	0.028983	0.57627	0.605253
CDSJ-180	0.091643	0.507417	0.041317	0.359622	0.400939
CDSJ-181	0.045705	0.679147	0.147993	0.127154	0.275147
CDSJ-182	0.014674	0.459702	0.043739	0.481876	0.525615
CDSJ-183	0.080027	0.416211	0.299229	0.204533	0.503762
CDSJ-184	0.035647	0.558745	0.266642	0.138966	0.405608
CDSJ-185	0.046502	0.566818	0.282632	0.104048	0.38668
CDSJ-186	0.075105	0.425853	0.178187	0.320855	0.499042
CDSJ-187	0.023868	0.643541	0.124492	0.2081	0.332592
CDSJ-188	0.104621	0.593298	0.026564	0.275516	0.30208
CDSJ-189	0.069357	0.452517	0.283555	0.194571	0.478126
CDSJ-190	0.012417	0.586015	0.074872	0.326695	0.401567
CDSJ-191	0.032646	0.58184	0.090308	0.295206	0.385514
CDSJ-192	0.080071	0.437742	0.424223	0.057964	0.482187
CDSJ-193	0.121748	0.404835	0.219641	0.253775	0.473416
CDSJ-195	0.016874	0.510709	0.175907	0.296511	0.472418
CDSJ-196	0.027554	0.682702	0.036595	0.236556	0.273151
CDSJ-197	0.037651	0.568157	0.243315	0.150877	0.394192
CDSJ-198	0.047296	0.550303	0.111494	0.290908	0.402402
CDSJ-199	1e-05	0.625063	0.058863	0.316064	0.374927
CDSJ-201	0.021638	0.762717	0.016582	0.197717	0.214299
CDSJ-202	0.037221	0.386824	0.444958	0.130996	0.575954
CDSJ-203	1e-05	0.538226	1e-05	0.461754	0.461764
CDSJ-204	0.088222	0.690721	0.000382	0.220674	0.221056
CDSJ-205	0.042407	0.509398	0.341738	0.106458	0.448196
CDSJ-206	0.033102	0.614666	0.24677	0.105462	0.352232
CDSJ-207	0.050106	0.583027	1e-05	0.366857	0.366867
CDSJ-209	0.005946	0.376115	0.000425	0.600284	0.600709
CDSJ-210	0.110213	0.550671	0.010454	0.328662	0.339116
CDSJ-211	0.031194	0.433012	0.290044	0.245751	0.535795
CDSJ-212	0.06381	0.374583	0.211603	0.350003	0.561606
CDSJ-213	1e-05	0.551247	0.229216	0.219527	0.448743
CDSJ-214	1e-05	0.586838	0.048785	0.364366	0.413151
CDSJ-215	0.023749	0.64351	1e-05	0.332731	0.332741
CDSJ-217	0.102243	0.447369	0.155966	0.294421	0.450387
CDSJ-219	0.043777	0.438376	0.147598	0.370249	0.517847
CDSJ-220	0.089656	0.343723	0.025348	0.541273	0.566621
CDSJ-221	0.080292	0.529524	0.176544	0.21364	0.390184
CDSJ-222	0.068218	0.408231	0.220485	0.303066	0.523551
CDSJ-223	0.079268	0.497599	0.098696	0.324437	0.423133
CDSJ-225	0.020489	0.388276	0.359968	0.231267	0.591235
CDSJ-227	0.023888	0.594917	0.058735	0.312857	0.371592
CDSJ-229	0.090385	0.569277	0.152563	0.187775	0.340338
CDSJ-231	0.040441	0.619091	0.274411	0.066057	0.340468
CDSJ-234	0.01982	0.599887	0.12065	0.259643	0.380293
CDSJ-235	0.019121	0.597326	0.054093	0.324816	0.378909
CDSJ-237	0.056893	0.526545	0.158929	0.257633	0.416562
CDSJ-238	0.095898	0.58781	1e-05	0.316282	0.316292
CDSJ-239	0.033105	0.503006	0.272296	0.191592	0.463888
CDSJ-240	0.025553	0.454066	0.094495	0.423847	0.518342
CDSJ-241	0.047223	0.476711	0.221837	0.25423	0.476067
CDSJ-242	0.07315	0.393474	0.304681	0.228695	0.533376
CDSJ-244	0.043706	0.42965	0.400909	0.125735	0.526644
CDSJ-245	0.012962	0.482698	0.052634	0.447281	0.499915
CDSJ-246	0.002651	0.711822	0.072122	0.213404	0.285526
CDSJ-248	0.030456	0.460665	0.220474	0.288404	0.508878
CDSJ-249	0.021868	0.557255	0.088588	0.332289	0.420877
CDSJ-250	0.034899	0.529841	0.164936	0.270324	0.43526
CDSJ-251	1e-05	0.455051	0.437001	0.107937	0.544938
CDSJ-252	1e-05	0.604238	0.001491	0.394261	0.395752
CDSJ-253	0.050648	0.600321	0.17092	0.178111	0.349031
CDSJ-254	0.016627	0.710255	0.082094	0.191024	0.273118
CDSJ-255	0.064502	0.530846	0.08338	0.321273	0.404653
CDSJ-256	0.074823	0.545162	1e-05	0.380005	0.380015
CDSJ-257	0.005554	0.681958	0.134335	0.178154	0.312489
CDSJ-258	0.046298	0.534251	0.31886	0.100591	0.419451
CDSJ-259	0.074	0.598409	0.099441	0.228149	0.32759
CDSJ-260	0.082398	0.499775	0.180179	0.237648	0.417827
CDSJ-261	0.030116	0.58297	0.03007	0.354356	0.384426
CDSJ-262	0.033437	0.558353	0.018499	0.389701	0.4082
CDSJ-266	0.057284	0.526566	0.099118	0.317031	0.416149
CDSJ-267	0.045572	0.601241	0.124335	0.228851	0.353186
CDSJ-269	0.051364	0.594168	0.227843	0.126625	0.354468
CDSJ-271	0.037689	0.473799	1e-05	0.488502	0.488512
CDSJ-272	1e-05	0.470536	0.147266	0.382188	0.529454
CDSJ-273	0.022275	0.348889	0.014385	0.594108	0.608493
CDSJ-277	0.012475	0.552743	0.021333	0.406093	0.427426
CDSJ-278	0.009078	0.489636	0.056103	0.44208	0.498183
CDSJ-279	0.005854	0.603802	0.363103	0.027241	0.390344
CDSJ-280	0.102915	0.492217	0.113297	0.291571	0.404868
CDSJ-282	0.033875	0.505988	0.384755	0.075382	0.460137
CDSJ-283	1e-05	0.042937	0.182123	0.77493	0.957053
CDSJ-284	1e-05	0.10272	0.175611	0.721659	0.89727
CDSJ-285	1e-05	0.677278	1e-05	0.322702	0.322712
CDSJ-286	0.067824	0.485515	1e-05	0.446651	0.446661
CDSJ-287	0.019523	0.554231	0.071341	0.349975	0.421316
CDSJ-288	0.054686	0.752848	1e-05	0.192456	0.192466
CDSJ-290	0.041507	0.389632	0.21195	0.356911	0.568861
CDSJ-294	0.024485	0.348481	0.627024	1e-05	0.627034
CDSJ-295	0.060664	0.529889	0.27558	0.133867	0.409447
CDSJ-296	0.041754	0.553028	0.227569	0.177649	0.405218
CDSJ-297	0.000166	0.204074	1e-05	0.794536	0.794546
CDSJ-299	0.043696	0.427667	1e-05	0.528627	0.528637
CDSJ-300	0.025284	0.756013	0.03309	0.168812	0.201902
CDSJ-301	0.018193	0.549932	0.096634	0.313698	0.410332
CDSJ-302	0.069693	0.560208	0.221782	0.148317	0.370099
CDSJ-304	0.052904	0.458477	0.304728	0.183891	0.488619
CDSJ-305	0.029872	0.512908	0.278857	0.178364	0.457221
CDSJ-306	0.08855	0.447336	0.229332	0.234782	0.464114
CDSJ-307	0.068993	0.571581	0.016292	0.343133	0.359425
CDSJ-308	0.038349	0.614485	0.021211	0.325955	0.347166
CDSJ-309	0.008521	0.538694	0.210405	0.24238	0.452785
CDSJ-310	0.032666	0.583884	0.062064	0.321385	0.383449
CDSJ-311	0.049548	0.366831	0.373865	0.209756	0.583621
CDSJ-314	0.094643	0.35503	0.141603	0.408723	0.550326
CDSJ-315	0.011086	0.624597	0.275509	0.088808	0.364317
CDSJ-316	0.009015	0.60816	0.283997	0.098828	0.382825
CDSJ-317	0.060364	0.53217	1e-05	0.407456	0.407466
CDSJ-319	0.03072	0.543039	0.083949	0.342292	0.426241
CDSJ-320	0.002798	0.618921	0.161859	0.216422	0.378281
CDSJ-321	1e-05	0.411471	1e-05	0.588509	0.588519
CDSJ-322	0.073946	0.435575	0.102247	0.388232	0.490479
CDSJ-324	1e-05	0.58381	0.145772	0.270409	0.416181
CDSJ-325	0.008373	0.57781	0.147988	0.265829	0.413817
CDSJ-326	0.061909	0.571764	0.099216	0.267111	0.366327
CDSJ-327	0.050761	0.519478	0.429751	1e-05	0.429761
CDSJ-328	0.092482	0.57866	1e-05	0.328849	0.328859
CDSJ-329	0.029695	0.502876	0.085378	0.36292	0.448298
CDSJ-330	0.045358	0.630844	1e-05	0.323789	0.323799
CDSJ-332	0.057986	0.590589	0.040037	0.311388	0.351425
CDSJ-333	0.08252	0.568547	0.200113	0.14882	0.348933
CDSJ-334	0.068944	0.470371	0.155856	0.304829	0.460685
CDSJ-335	0.048974	0.491574	0.175106	0.284346	0.459452
CDSJ-336	0.015595	0.497348	0.057989	0.424539	0.482528
CDSJ-337	0.042547	0.410613	0.32569	0.221151	0.546841
CDSJ-338	0.022048	0.518873	0.124465	0.31679	0.441255
CDSJ-339	0.017346	0.509396	0.142477	0.330781	0.473258
CDSJ-341	1e-05	0.648979	0.208326	0.142685	0.351011
CDSJ-342	0.063669	0.439	1e-05	0.497321	0.497331
CDSJ-343	0.06588	0.368504	0.184464	0.381152	0.565616
CDSJ344	1e-05	0.233553	1e-05	0.766417	0.766427
CDSJ-344	0.009457	0.302307	0.009795	0.67201	0.681805
CDSJ-345	1e-05	0.584843	0.275619	0.139528	0.415147
CDSJ-346	0.079149	0.535717	0.144844	0.24029	0.385134
CDSJ-347	0.006332	0.543029	1e-05	0.450629	0.450639
CDSJ-348	0.039624	0.598571	0.234416	0.127389	0.361805
CDSJ-349	0.047476	0.524889	0.182279	0.245356	0.427635
CDSJ-350	0.079843	0.530403	0.187296	0.202458	0.389754
CDSJ-351	0.012411	0.502076	0.053975	0.428731	0.482706
CDSJ-352	0.035812	0.592828	0.092976	0.268535	0.361511
CDSJ-353	0.061072	0.568462	0.123486	0.24698	0.370466
CDSJ-354	0.065283	0.55531	0.130136	0.24927	0.379406
CDSJ-355	0.004338	0.653363	1e-05	0.342289	0.342299
CDSJ-356	0.07082	0.510544	0.165226	0.25341	0.418636
CDSJ-358	0.012266	0.48335	0.336714	0.16767	0.504384
CDSJ-360	1e-05	0.469454	1e-05	0.530526	0.530536
CDSJ-361	0.024025	0.614058	1e-05	0.361907	0.361917
CDSJ-362	0.088889	0.539196	1e-05	0.371905	0.371915
CDSJ-363	0.041813	0.52356	0.135176	0.299451	0.434627
CDSJ-364	0.032021	0.614729	0.078399	0.274851	0.35325
CDSJ-365	0.009388	0.535492	0.274955	0.180164	0.455119
CDSJ-366	0.067113	0.523812	0.034786	0.374289	0.409075
CDSJ-367	0.032303	0.557943	0.063136	0.340748	0.403884
CDSJ-368	0.027779	0.742624	1e-05	0.229587	0.229597
CDSJ-371	0.025064	0.627548	0.037957	0.309432	0.347389
CDSJ-372	0.102177	0.486153	0.248552	0.163119	0.411671
CDSJ-373	0.016283	0.397932	0.043464	0.528463	0.571927
CDSJ-374	0.061302	0.521241	0.303261	0.114196	0.417457
CDSJ-375	0.016528	0.721421	1e-05	0.262041	0.262051
CDSJ-376	0.008378	0.557506	0.034421	0.383592	0.418013
CDSJ-378	0.016811	0.515312	0.062692	0.398254	0.460946
CDSJ-379	0.056819	0.5198	0.157202	0.266179	0.423381
CDSJ-380	0.060494	0.330453	0.402449	0.206604	0.609053
CDSJ-381	0.074467	0.4328	0.185424	0.307308	0.492732
CDSJ-383	0.002342	0.520087	0.037104	0.43064	0.467744
CDSJ-384	0.050034	0.552933	1e-05	0.397024	0.397034
CDSJ-385	0.058829	0.463266	0.112396	0.365509	0.477905
CDSJ-386	0.013397	0.610415	0.046962	0.315357	0.362319
CDSJ-387	0.018285	0.568356	0.066313	0.346915	0.413228
CDSJ-388	0.050083	0.57208	0.098409	0.279427	0.377836
CDSJ-389	0.05204	0.570093	0.247492	0.130375	0.377867
CDSJ-390	0.065478	0.746683	1e-05	0.187829	0.187839
CDSJ-391	1e-05	0.447625	0.265894	0.286471	0.552365
CDSJ-393	0.107042	0.534207	0.146502	0.212249	0.358751
CDSJ-394	1e-05	0.485991	0.301341	0.212658	0.513999
CDSJ-395	0.058796	0.428928	0.164693	0.347584	0.512277
CDSJ-396	0.053742	0.67201	0.044485	0.229763	0.274248
CDSJ-397	0.028307	0.64297	1e-05	0.328713	0.328723
CDSJ-398	0.019015	0.561603	0.027944	0.381183	0.409127
CDSJ-399	1e-05	0.590466	0.137369	0.272155	0.409524
CDSJ-400	1e-05	0.268514	1e-05	0.731146	0.731156
CDSJ-401	0.059483	0.478177	0.032353	0.429987	0.46234
CDSJ-402	0.046694	0.492578	0.086116	0.374611	0.460727
CDSJ-403	0.017402	0.610009	0.030847	0.341742	0.372589
CDSJ-404	0.103569	0.561053	1e-05	0.335368	0.335378
CDSJ-405	1e-05	0.519436	0.309331	0.171223	0.480554
CDSJ-406	0.08393	0.412558	0.227036	0.276476	0.503512
CDSJ-407	0.096338	0.480159	0.020985	0.402518	0.423503
CDSJ-408	0.082845	0.600875	0.31627	1e-05	0.31628
CDSJ-409	0.024351	0.630292	0.1316	0.213757	0.345357
CDSJ-410	0.075891	0.439524	0.271674	0.212911	0.484585
CDSJ-411	0.039594	0.727148	0.134023	0.099235	0.233258
CDSJ-412	0.059582	0.439513	0.225705	0.2752	0.500905
CDSJ-413	0.059287	0.492182	0.121839	0.326691	0.44853
CDSJ-414	0.051843	0.512757	0.133768	0.301632	0.4354
CDSJ-415	1e-05	0.52384	0.241977	0.234174	0.476151
CDSJ-416	0.025469	0.37188	0.24252	0.360132	0.602652
CDSJ-417	0.030457	0.453991	0.022437	0.493115	0.515552
CDSJ-418	0.029282	0.567854	0.05855	0.33789	0.39644
CDSJ-419	0.057477	0.440674	0.141137	0.360712	0.501849
CDSJ-420	0.046889	0.535751	0.236433	0.180927	0.41736
CDSJ-424	0.025939	0.523938	0.344033	0.10609	0.450123
CDSJ-425	0.01377	0.494309	0.060269	0.429349	0.489618
CDSJ-427	0.058803	0.569278	0.211891	0.160027	0.371918
CDSJ-429	0.023241	0.487533	0.294827	0.194399	0.489226
CDSJ-433	1e-05	0.536938	0.254754	0.208299	0.463053
CDSJ-434	0.07277	0.55992	0.017634	0.349676	0.36731
CDSJ-435	0.040534	0.439335	0.112691	0.407439	0.52013
CDSJ-437	0.009174	0.442758	0.141712	0.391229	0.532941
CDSJ-440	0.033555	0.722305	1e-05	0.244129	0.244139
CDSJ-441	0.042814	0.554253	0.186998	0.215935	0.402933
CDSJ-442	0.055554	0.416188	0.2313	0.296958	0.528258
CDSJ-443	0.089808	0.635149	0.056396	0.218647	0.275043
CDSJ-444	0.075427	0.481537	0.074102	0.368934	0.443036
CDSJ-446	0.128289	0.416992	0.017416	0.437302	0.454718
CDSJ-447	0.069349	0.300907	0.220742	0.409003	0.629745
CDSJ-449	0.005181	0.622427	0.065555	0.306827	0.372382
CDSJ-450	0.10586	0.425418	0.14588	0.322842	0.468722
CDSJ-451	0.067747	0.407115	0.198615	0.326523	0.525138
CDSJ-453	0.022514	0.63079	0.051167	0.293442	0.344609
CDSJ-454	0.024842	0.586368	0.088905	0.282579	0.371484
CDSJ-455	0.083263	0.463959	0.328528	0.12425	0.452778
CDSJ-456	1e-05	0.551448	0.240857	0.207685	0.448542
CDSJ-457	0.084992	0.520146	0.234436	0.160426	0.394862
CDSJ-458	1e-05	0.62233	0.062105	0.315555	0.37766
CDSJ-459	0.142066	0.395414	0.292711	0.169809	0.46252
CDSJ-460	0.018817	0.583279	0.044464	0.349438	0.393902
CDSJ-461	1e-05	0.541412	0.227366	0.231212	0.458578
CDSJ-462	0.013075	0.566481	0.014597	0.397884	0.412481
CDSJ-464	0.053191	0.481337	1e-05	0.465462	0.465472
CDSJ-465	0.114303	0.507698	0.172822	0.205177	0.377999
CDSJ-466	0.042087	0.537274	0.247741	0.172897	0.420638
CDSJ-467	0.087387	0.523226	0.294321	0.095067	0.389388
CDSJ-468	0.052181	0.605607	0.342202	1e-05	0.342212
CDSJ-469	0.018522	0.340082	1e-05	0.641387	0.641397
CDSJ-470	0.027695	0.552214	0.091258	0.310976	0.402234
CDSJ-471	1e-05	0.093592	1e-05	0.906258	0.906268
CDSJ-472	0.021108	0.016784	0.049163	0.912944	0.962107
CDSJ-473	0.068038	0.598274	0.019711	0.313976	0.333687
CDSJ-474	0.006023	0.334499	0.077794	0.581684	0.659478
CDSJ-476	0.061472	0.431929	0.264925	0.241674	0.506599
CDSJ-477	0.0882	0.461116	0.311945	0.138739	0.450684
CDSJ-479	0.011191	0.572218	0.012284	0.404306	0.41659
CDSJ-481	0.04208	0.682392	1e-05	0.275518	0.275528
CDSJ-482	0.040502	0.337981	0.496375	0.125141	0.621516
CDSJ-486	0.070208	0.526077	0.234733	0.168981	0.403714
CDSJ-487	0.015687	0.607735	0.330723	0.045855	0.376578
CDSJ-488	0.015655	0.528769	0.049861	0.405714	0.455575
CDSJ-489	1e-05	0.684176	1e-05	0.315804	0.315814
CDSJ-490	0.071873	0.394611	0.09319	0.440326	0.533516
CDSJ-491	0.033845	0.437452	0.460065	0.068638	0.528703
CDSJ-492	0.025879	0.583815	0.070858	0.305753	0.376611
CDSJ-495	0.019192	0.586261	0.053398	0.320945	0.374343
CDSJ-496	0.118901	0.42272	0.186276	0.272103	0.458379
CDSJ-497	0.040775	0.484625	0.146049	0.328551	0.4746
CDSJ-500	0.014656	0.562221	0.218491	0.204633	0.423124
CDSJ-501	0.051678	0.620963	1e-05	0.32735	0.32736
CDSJ-502	1e-05	0.44997	0.404065	0.145955	0.55002
CDSJ-503	0.042734	0.541989	0.099165	0.316113	0.415278
CDSJ-505	1e-05	0.497454	0.354609	0.147927	0.502536
CDSJ-507	0.013776	0.356048	0.309984	0.320192	0.630176
CDSJ-508	1e-05	0.588459	0.241034	0.170497	0.411531
CDSJ-509	0.035427	0.811804	1e-05	0.152759	0.152769
CDSJ-510	0.044828	0.628213	0.127178	0.199781	0.326959
CDSJ-511	0.136736	0.583517	0.025237	0.254511	0.279748
CDSJ-512	0.046903	0.465226	0.226775	0.261096	0.487871
CDSJ-513	0.03501	0.532416	0.21984	0.212734	0.432574
CDSJ-514	0.031903	0.550283	0.072144	0.338584	0.410728
CDSJ-515	0.038781	0.586025	0.188195	0.186999	0.375194
CDSJ-516	0.009305	0.664687	1e-05	0.325998	0.326008
CDSJ-517	0.087138	0.629105	0.058344	0.225413	0.283757
CDSJ-518	0.044707	0.607382	0.096319	0.251592	0.347911
CDSJ-519	0.027075	0.678459	0.168305	0.126161	0.294466
CDSJ-520	0.144386	0.459742	0.21053	0.185342	0.395872
CDSJ-522	0.06058	0.443756	0.204815	0.29085	0.495665
CDSJ-523	0.008286	0.320723	0.240505	0.430486	0.670991
CDSJ-525	0.018776	0.518197	0.226532	0.236496	0.463028
CDSJ-527	0.047937	0.502236	0.308391	0.141436	0.449827
CDSJ-529	0.015429	0.414999	0.471027	0.098546	0.569573
CDSJ-530	0.032234	0.474101	0.054964	0.422943	0.477907
CDSJ-532	0.048942	0.53342	0.006502	0.411136	0.417638
CDSJ-535	1e-05	0.563988	0.298358	0.137644	0.436002
CDSJ-536	0.008238	0.481518	0.307194	0.20305	0.510244
CDSJ-537	0.033824	0.54667	0.15333	0.266176	0.419506
CDSJ-538	0.00605	0.199483	0.123225	0.671243	0.794468
CDSJ-539	0.058158	0.380566	0.26059	0.300687	0.561277
CDSJ-544	0.018059	0.497127	0.247079	0.237735	0.484814
CDSJ-545	0.015928	0.589722	0.076058	0.301656	0.377714
CDSJ-546	1e-05	0.465103	0.336196	0.198692	0.534888
CDSJ-547	0.034867	0.492232	0.298566	0.174335	0.472901
CDSJ-548	0.01578	0.617427	1e-05	0.366783	0.366793
CDSJ-549	0.039893	0.45026	0.278237	0.23161	0.509847
CDSJ-550	1e-05	0.558608	0.253947	0.187435	0.441382
CDSJ-551	0.031554	0.431144	0.195707	0.341595	0.537302
CDSJ-552	0.031911	0.535758	1e-05	0.432321	0.432331
CDSJ-554	0.034752	0.574008	0.207653	0.183587	0.39124
CDSJ-555	0.008547	0.728274	1e-05	0.263168	0.263178
CDSJ-556	0.005436	0.733507	0.093073	0.167984	0.261057
CDSJ-557	1e-05	0.475375	0.186283	0.338332	0.524615
CDSJ-560	0.04243	0.503401	0.389636	0.064533	0.454169
CHI-001	0.038112	0.814179	0.145149	0.00256	0.147709
CHI-003	1e-05	0.497101	0.366261	0.136628	0.502889
CHI-004	0.050629	0.776451	0.17291	1e-05	0.17292
CHI-005	1e-05	0.629826	0.098047	0.272117	0.370164
CHI-006	0.0515	0.596875	1e-05	0.351614	0.351624
CHI-007	0.049087	0.566782	0.135229	0.248902	0.384131
CHI-008	1e-05	0.594858	0.225818	0.179314	0.405132
CHI-010	0.084446	0.475082	1e-05	0.440462	0.440472
CHI-011	0.008953	0.592189	0.018417	0.37535	0.393767
CHI-012	0.017111	0.568168	0.062231	0.341735	0.403966
CHI-013	0.04317	0.575591	0.271673	0.109566	0.381239
CHI-016	0.037475	0.611908	0.112066	0.238551	0.350617
CHI-017	1e-05	0.53461	0.101689	0.363691	0.46538
CHI-023	0.076768	0.509795	0.26252	0.150916	0.413436
CHI-025	1e-05	0.601863	0.282455	0.115672	0.398127
CHI-026	0.01949	0.517907	0.266091	0.196512	0.462603
CHI-028	0.066526	0.564301	0.068788	0.300385	0.369173
CHI-029	0.053017	0.402766	0.370363	0.173854	0.544217
CHI-030	0.028653	0.553635	0.036491	0.358186	0.394677
CHI-033	0.078223	0.474112	0.255515	0.192151	0.447666
CHI-034	0.01078	0.578317	0.067702	0.343201	0.410903
CHI-036	0.015923	0.574201	0.409866	1e-05	0.409876
CHI-037	0.026916	0.62839	0.087355	0.257339	0.344694
CHI-038	0.019417	0.641093	0.032546	0.306944	0.33949
CHI-039	0.067168	0.354725	0.052732	0.525375	0.578107
CHI-040	0.077458	0.402762	0.29085	0.22893	0.51978
CHI-041	1e-05	0.671962	0.026695	0.301333	0.328028
CHI-042	1e-05	0.71332	1e-05	0.28666	0.28667
CHI-043	0.010077	0.535734	0.006043	0.438122	0.444165
CHI-044	0.060798	0.488636	0.290828	0.159738	0.450566
CHI-045	0.051026	0.386048	0.273668	0.289258	0.562926
CHI-047	0.034053	0.579915	0.242926	0.143106	0.386032
CHI-049	0.015633	0.577042	0.233928	0.173397	0.407325
CHI-050	0.107648	0.379102	0.288717	0.224534	0.513251
CHI-051	0.012415	0.60598	1e-05	0.381595	0.381605
CHI-053	1e-05	0.692118	0.131514	0.176358	0.307872
CHI-054	0.017084	0.597617	0.049474	0.324806	0.37428
CHI-055	0.062279	0.429723	0.252904	0.255094	0.507998
CHI-057	1e-05	0.529299	1e-05	0.470681	0.470691
CHI-058	0.004474	0.617569	0.053221	0.324726	0.377947
CHI-060	0.014121	0.632195	0.050016	0.290541	0.340557
CHI-061	0.043527	0.462729	0.369715	0.124029	0.493744
CHI-062	0.014492	0.525671	0.075399	0.381748	0.457147
CHI-063	0.030272	0.722019	0.182175	0.065535	0.24771
CHI-064	0.028519	0.426137	0.275083	0.270262	0.545345
CHI-065	0.021638	0.634378	1e-05	0.343974	0.343984
CHI-066	0.015289	0.557002	0.081841	0.345858	0.427699
CHI-067	1e-05	0.718754	0.030379	0.250857	0.281236
CHI-070	0.087707	0.544359	1e-05	0.367924	0.367934
CHI-071	1e-05	0.679793	0.261074	0.059123	0.320197
CHI-072	1e-05	0.135475	0.252709	0.611806	0.864515
CHI-073	0.015448	0.605496	0.023392	0.355665	0.379057
CHI-075	0.032218	0.433669	0.316505	0.217608	0.534113
CHI-076	0.06103	0.535773	1e-05	0.403187	0.403197
CHI-077	1e-05	0.575964	0.174633	0.249393	0.424026
CHI-078	0.065714	0.497546	0.128433	0.308307	0.43674
CHI-079	0.025901	0.572311	0.26912	0.132669	0.401789
CHI-080	0.020272	0.583484	0.027606	0.349048	0.376654
CHI-082	0.040266	0.698919	0.112855	0.14796	0.260815
CHI-084	0.022336	0.698873	0.028875	0.246651	0.275526
CHI-087	0.03373	0.524212	0.181783	0.260274	0.442057
CHI-089	1e-05	0.69057	1e-05	0.30941	0.30942
CHI-093	0.072632	0.484075	0.212885	0.230408	0.443293
CHI-094	1e-05	0.710821	0.077445	0.211724	0.289169
CHI-095	0.018989	0.668586	0.037337	0.252427	0.289764
CHI-096	0.147202	0.4362	0.333801	0.082796	0.416597
CHI-097	1e-05	0.546972	0.299562	0.153456	0.453018
CHI-098	0.014543	0.552654	0.016106	0.396772	0.412878
CHI-099	0.016172	0.593911	0.179202	0.210715	0.389917
CHI-100	0.113573	0.400918	0.124938	0.360571	0.485509
CHI-101	0.0319	0.56516	0.089818	0.313122	0.40294
CHI-103	0.03163	0.628447	1e-05	0.339912	0.339922
CHI-104	0.007033	0.769517	0.088409	0.13504	0.223449
CHI-105	0.078855	0.454828	1e-05	0.466308	0.466318
CHI-106	0.043641	0.540273	0.202252	0.213835	0.416087
CHI-107	1e-05	0.44322	0.357177	0.199593	0.55677
CHI-108	0.011386	0.529629	0.029894	0.408547	0.438441
CHI-110	0.014263	0.42264	0.158038	0.405059	0.563097
CHI-111	0.051169	0.526275	0.225574	0.196983	0.422557
CHI-112	1e-05	0.609823	0.277286	0.112881	0.390167
CHI-113	0.02111	0.553077	0.078832	0.337619	0.416451
CHI-115	1e-05	0.499705	0.232216	0.26807	0.500286
CHI-117	1e-05	0.649214	0.284967	0.065809	0.350776
CHI-120	0.005874	0.509479	0.175182	0.309465	0.484647
CHI-122	0.089564	0.541942	0.074938	0.293556	0.368494
CHI-123	0.050592	0.43569	0.228048	0.285671	0.513719
CHI-124	0.008062	0.580104	0.052443	0.357829	0.410272
CHI-125	0.060344	0.65923	1e-05	0.280416	0.280426
CHI-128	1e-05	0.471655	0.111461	0.416874	0.528335
CHI-130	0.001265	0.598752	0.046521	0.337905	0.384426
CHI-131	0.110928	0.518419	0.085979	0.284673	0.370652
CHI-132	0.032243	0.53684	0.033532	0.397386	0.430918
CHI-134	0.072498	0.591303	1e-05	0.33619	0.3362
CHI-136	0.053065	0.467139	0.140709	0.339086	0.479795
CHI-137	0.055244	0.538696	0.228234	0.177826	0.40606
CHI-138	0.089992	0.424392	0.292417	0.193199	0.485616
CHI-139	0.014348	0.517004	0.026228	0.433513	0.459741
CHI-140	0.067211	0.575971	0.048644	0.308174	0.356818
CHI-141	0.013862	0.639205	0.025887	0.308719	0.334606
CHI-142	0.063866	0.41764	0.406311	0.112183	0.518494
CHI-143	0.054057	0.414584	0.307679	0.22368	0.531359
CHI-146	0.018731	0.640903	0.031342	0.289819	0.321161
CHI-147	0.040105	0.355153	0.182434	0.422308	0.604742
CHI-148	0.011637	0.556947	0.023332	0.393865	0.417197
CHI-153	0.046457	0.618047	0.162895	0.172601	0.335496
CHI-154	1e-05	0.492325	0.100799	0.406866	0.507665
CHI-155	0.083081	0.567091	0.044606	0.305222	0.349828
CHI-156	0.035121	0.583755	0.121725	0.2594	0.381125
CHI-158	0.059882	0.458345	0.255366	0.226406	0.481772
CHI-163	1e-05	0.593987	0.146576	0.259427	0.406003
CHI-168	1e-05	0.632312	1e-05	0.367668	0.367678
CHI-169	0.024039	0.4878	0.382034	0.106127	0.488161
CHI-171	0.036199	0.445576	0.387997	0.130228	0.518225
CHI-172	0.089586	0.5617	0.221432	0.127282	0.348714
CHI-173	0.035336	0.546422	0.367041	0.051201	0.418242
CHI-174	0.01924	0.669736	1e-05	0.311014	0.311024
CHI-175	0.002185	0.576572	0.287566	0.133678	0.421244
CHI-176	0.043804	0.678122	0.026467	0.251607	0.278074
CHI-178	0.064364	0.586154	0.022602	0.326879	0.349481
CHI-181	0.021485	0.517668	0.023676	0.426242	0.449918
CHI-187	0.031092	0.57815	0.062761	0.308585	0.371346
CHI-189	1e-05	0.666745	0.123755	0.20949	0.333245
CHI-190	0.020683	0.50623	0.058754	0.414333	0.473087
CHI-191	0.073016	0.459822	1e-05	0.467152	0.467162
CHI-193	0.014328	0.49581	0.125771	0.364091	0.489862
CHI-194	0.033745	0.494732	0.137841	0.333682	0.471523
CHI-196	0.02231	0.556901	0.009583	0.404655	0.414238
CHI-197	0.036479	0.617322	0.053928	0.292271	0.346199
CHI-198	0.043789	0.624317	0.107542	0.224353	0.331895
CHI-199	1e-05	0.510732	0.327426	0.161832	0.489258
CHI-202	0.056349	0.623319	0.054115	0.266216	0.320331
CHI-203	0.061405	0.370088	0.450295	0.118212	0.568507
CHI-204	0.020054	0.565691	0.083152	0.32502	0.408172
CHI-205	0.042546	0.604796	1e-05	0.352648	0.352658
CHI-206	0.03219	0.438736	0.450365	0.078708	0.529073
CHI-207	0.064198	0.527444	0.175273	0.233085	0.408358
CHI-208	0.000483	0.522685	0.037212	0.426247	0.463459
CHI-209	0.081258	0.489849	0.250431	0.178463	0.428894
CHI-210	0.029722	0.530143	0.075007	0.354306	0.429313
CHI-211	0.000377	0.581713	0.033591	0.384319	0.41791
CHI-212	1e-05	0.601544	0.337807	0.060639	0.398446
CHI-214	0.015405	0.563175	0.265655	0.155765	0.42142
CHI-215	0.043759	0.571224	0.247383	0.137634	0.385017
CHI-216	1e-05	0.523309	0.061398	0.401376	0.462774
CHI-217	1e-05	0.620917	0.179873	0.199201	0.379074
CHI-218	0.032755	0.669236	0.098948	0.199062	0.29801
CHI-219	1e-05	0.444856	0.400454	0.15468	0.555134
CHI-220	1e-05	0.47831	0.056287	0.465393	0.52168
CHI-221	0.002856	0.624686	0.305014	0.067445	0.372459
CHI-223	0.029938	0.484168	0.132428	0.353466	0.485894
CHI-224	0.060144	0.513617	0.116628	0.30961	0.426238
CHI-225	0.072141	0.452383	0.327074	0.148402	0.475476
CHI-228	0.015864	0.564119	0.079269	0.334929	0.414198
CHI-229	0.022324	0.463737	0.102977	0.410962	0.513939
CHI-230	0.008359	0.502514	0.017573	0.463525	0.481098
CHI-231	0.00666	0.53277	0.06791	0.382685	0.450595
CHI-232	0.023624	0.564535	0.187203	0.224638	0.411841
CHI-234	0.072816	0.565923	0.130228	0.231033	0.361261
CHI-235	0.05523	0.412938	0.31913	0.212702	0.531832
CHI-236	0.049454	0.558828	0.15822	0.233498	0.391718
CHI-237	0.006851	0.491876	0.054524	0.446749	0.501273
CHI-238	0.033761	0.497254	1e-05	0.468976	0.468986
CHI-239	0.006733	0.450746	0.346045	0.196476	0.542521
CHI-240	0.009697	0.602561	0.195516	0.192227	0.387743
CHI-242	0.02993	0.604055	0.064538	0.301468	0.366006
CHI-243	0.035248	0.470342	1e-05	0.4944	0.49441
CHI-244	1e-05	0.502529	0.173939	0.323522	0.497461
CHI-245	0.002545	0.43905	0.367475	0.19093	0.558405
CHI-246	0.031528	0.533566	0.202665	0.232242	0.434907
CHI-247	0.064607	0.506734	0.151507	0.277152	0.428659
CHI-249	0.052374	0.754205	0.024287	0.169134	0.193421
CHI-250	1e-05	0.700301	0.032685	0.267003	0.299688
CHI-251	0.070188	0.460118	0.072473	0.397221	0.469694
CHI-254	0.010134	0.558346	0.077666	0.353854	0.43152
CHI-255	0.034685	0.564907	0.124555	0.275853	0.400408
CHI-256	0.085454	0.491125	0.172262	0.251159	0.423421
CHI-257	0.008886	0.593156	0.026637	0.371321	0.397958
CHI-258	0.049421	0.592334	0.358235	1e-05	0.358245
CHI-259	0.056706	0.587095	0.251451	0.104748	0.356199
CHI-260	0.024021	0.545802	0.206078	0.224098	0.430176
CHI-261	0.032989	0.590713	1e-05	0.376288	0.376298
CHI-263	0.045931	0.548742	0.190601	0.214726	0.405327
CHI-264	1e-05	0.474223	0.038575	0.46985	0.508425
CHI-265	1e-05	0.526753	0.208138	0.265099	0.473237
CHI-268	0.027846	0.374557	0.37598	0.221617	0.597597
CHI-270	0.070687	0.33818	0.3102	0.280933	0.591133
CHI-271	0.022706	0.602054	1e-05	0.353377	0.353387
CHI-275	0.078683	0.468842	0.118222	0.334253	0.452475
CHI-278	0.037946	0.370559	0.278369	0.313126	0.591495
CHI-279	0.079082	0.663563	0.145175	0.11218	0.257355
CHI-280	0.021917	0.607859	0.011221	0.34539	0.356611
CHI-281	1e-05	0.576309	0.223161	0.20052	0.423681
CHI-283	0.060677	0.4967	0.139682	0.302941	0.442623
CHI-285	0.02186	0.604056	0.149056	0.225028	0.374084
CHI-286	1e-05	0.584278	0.150173	0.265539	0.415712
CHI-287	0.011356	0.561902	0.047208	0.37557	0.422778
CHI-288	0.014306	0.478107	0.079742	0.427835	0.507577
CHI-290	0.023124	0.459065	0.513451	0.00436	0.517811
CHI-292	0.046984	0.63374	0.228953	0.090323	0.319276
CHI-294	0.039478	0.567088	0.067881	0.325553	0.393434
CHI-295	0.068049	0.471412	1e-05	0.460529	0.460539
CHI-298	0.034944	0.677644	1e-05	0.287402	0.287412
CHI-299	0.08835	0.581623	0.043728	0.286298	0.330026
CHI-300	1e-05	0.669618	0.102351	0.228021	0.330372
CHI-302	1e-05	0.604333	0.111987	0.28367	0.395657
CHI-303	0.019042	0.608949	0.055486	0.310559	0.366045
CHI-305	1e-05	0.665096	0.10121	0.233685	0.334895
CHI-308	0.038626	0.54923	0.195319	0.216826	0.412145
CHI-309	0.04353	0.483951	1e-05	0.472509	0.472519
CHI-311	0.014124	0.623759	0.036262	0.320234	0.356496
CHI-312	0.022859	0.660488	0.054773	0.261879	0.316652
CHI-313	0.016112	0.583573	0.067703	0.310791	0.378494
CHI-316	0.029072	0.564795	0.178544	0.227589	0.406133
CHI-317	0.076325	0.246105	0.14621	0.53136	0.67757
CHI-318	0.041093	0.558927	0.083671	0.316309	0.39998
CHI-319	0.016198	0.680648	0.029822	0.269135	0.298957
CHI-322	1e-05	0.649782	1e-05	0.350198	0.350208
CHI-323	0.034439	0.75216	1e-05	0.213391	0.213401
CHI-324	0.008965	0.587876	0.240836	0.162322	0.403158
CHI-326	0.016301	0.50601	0.318287	0.159403	0.47769
CHI-327	0.030206	0.480204	0.108588	0.381003	0.489591
CHI-330	0.068162	0.636977	0.007248	0.287613	0.294861
CHI-331	0.015724	0.412282	0.274887	0.297107	0.571994
CHI-332	0.089436	0.551597	0.224534	0.134432	0.358966
CHI-333	0.026608	0.593473	0.104214	0.275706	0.37992
CHI-334	0.109791	0.474404	0.14583	0.269975	0.415805
CHI-335	0.014847	0.673256	0.176515	0.135382	0.311897
CHI-337	0.041663	0.49196	0.082797	0.383579	0.466376
CHI-338	0.079022	0.554585	0.105731	0.260662	0.366393
CHI-339	0.029654	0.616045	1e-05	0.354291	0.354301
CHI-340	0.095253	0.607576	0.210596	0.086576	0.297172
CHI-342	0.024286	0.562904	0.028812	0.377366	0.406178
CHI-344	0.086872	0.525121	1e-05	0.387998	0.388008
CHI-345	0.068607	0.54829	0.085274	0.297829	0.383103
CHI-346	0.07884	0.467927	0.024194	0.42904	0.453234
CHI-347	1e-05	0.708918	0.112825	0.178247	0.291072
CHI-348	0.021639	0.672454	0.14394	0.161966	0.305906
CHI-350	0.066199	0.432603	0.156541	0.344656	0.501197
CHI-351	0.056068	0.605482	1e-05	0.338439	0.338449
CHI-352	1e-05	0.423998	0.400976	0.175016	0.575992
CHI-355	0.001134	0.520731	0.03145	0.442095	0.473545
CHI-356	0.031375	0.559552	0.369453	0.039619	0.409072
CHI-359	0.06548	0.488684	0.14334	0.302496	0.445836
CHI-360	1e-05	0.594192	0.210028	0.19577	0.405798
CHI-362	0.103834	0.524828	0.161938	0.2094	0.371338
CHI-363	0.017719	0.403389	0.302709	0.276184	0.578893
CHI-364	0.001642	0.649096	0.052844	0.288909	0.341753
CHI-365	0.012163	0.544261	0.033748	0.409818	0.443566
CHI-366	0.155865	0.444535	0.362307	0.037292	0.399599
CHI-367	0.113868	0.672158	0.213964	1e-05	0.213974
CHI-369	0.013633	0.437	0.096229	0.440441	0.53667
CHI-371	0.016897	0.431322	0.199685	0.352096	0.551781
CHI-373	0.048139	0.503726	0.287402	0.160732	0.448134
CHI-374	0.032254	0.44038	0.200284	0.327082	0.527366
CHI-377	0.049178	0.568871	0.082969	0.298982	0.381951
CHI-378	0.056743	0.542327	0.167746	0.233184	0.40093
CHI-379	0.066912	0.607284	0.188725	0.137079	0.325804
CHI-380	0.011042	0.616944	0.066499	0.29975	0.366249
CHI-383	1e-05	0.649738	0.055204	0.295048	0.350252
CHI-384	0.058466	0.512209	0.102598	0.326727	0.429325
CHI-385	0.054922	0.648675	0.008283	0.288119	0.296402
CHI-386	0.100313	0.617828	0.00263	0.279229	0.281859
CHI-388	0.058849	0.602073	0.067612	0.271466	0.339078
CHI-390	0.009591	0.628437	0.124718	0.237255	0.361973
CHI-391	1e-05	0.775326	0.193615	0.031049	0.224664
CHI-392	0.021419	0.451951	0.142026	0.384604	0.52663
CHI-394	0.038405	0.897067	1e-05	0.064518	0.064528
CHI-395	0.032766	0.617405	0.181157	0.168672	0.349829
CHI-396	0.013281	0.562748	1e-05	0.417095	0.417105
CHI-397	1e-05	0.581546	0.248387	0.170056	0.418443
CHI-398	1e-05	0.488425	0.141184	0.370381	0.511565
CHI-399	0.005539	0.542082	0.014281	0.429658	0.443939
CHI-400	0.051685	0.463483	0.151123	0.333708	0.484831
CHI-401	0.002363	0.566218	0.025345	0.406073	0.431418
CHI-402	1e-05	0.59687	1e-05	0.40311	0.40312
CHI-403	0.044828	0.512147	0.038994	0.404031	0.443025
CHI-404	0.080498	0.434591	0.201124	0.283787	0.484911
CHI-405	0.01178	0.443123	0.233168	0.311929	0.545097
CHI-406	0.064427	0.460826	0.247509	0.227239	0.474748
CHI-407	0.084176	0.503335	1e-05	0.41248	0.41249
CHI-408	0.056787	0.474635	0.156036	0.312543	0.468579
CHI-409	0.053049	0.637659	0.059939	0.249352	0.309291
CHI-410	0.097202	0.451709	0.105498	0.34559	0.451088
CHI-411	0.047856	0.602379	0.092307	0.257459	0.349766
CHI-413	0.027485	0.588612	0.089625	0.273673	0.363298
CHI-414	0.033408	0.561373	0.072326	0.332893	0.405219
CHI-415	0.036234	0.393878	0.164373	0.405515	0.569888
CHI-416	0.04755	0.637786	1e-05	0.314654	0.314664
CHI-417	0.05858	0.425525	0.309877	0.206019	0.515896
CHI-418	0.07315	0.4653	0.224152	0.237397	0.461549
CHI-419	0.04052	0.418649	0.210826	0.330005	0.540831
CHI-420	0.016495	0.528867	0.044785	0.404778	0.449563
CHI-421	0.039607	0.614348	0.100982	0.245063	0.346045
CHI-422	1e-05	0.618334	0.265452	0.116204	0.381656
CHI-423	0.02317	0.623449	0.071436	0.271329	0.342765
CHI-424	0.037058	0.586067	0.213015	0.16386	0.376875
CHI-426	0.019809	0.524359	0.063877	0.390077	0.453954
CHI-428	0.03458	0.508304	0.181976	0.27514	0.457116
CHI-429	0.012674	0.604629	0.062756	0.30026	0.363016
CHI-432	0.083181	0.537521	0.131223	0.248075	0.379298
CHI-434	0.071938	0.302146	0.433686	0.19223	0.625916
CHI-435	0.058013	0.586893	0.05657	0.298525	0.355095
CHI-436	0.020408	0.577312	0.034709	0.354931	0.38964
CHI-437	0.044713	0.493657	0.119469	0.34216	0.461629
CHI-440	0.042131	0.530765	0.148026	0.279078	0.427104
CHI-444	0.013946	0.494519	0.06541	0.420158	0.485568
CHI-445	0.052875	0.533049	1e-05	0.414066	0.414076
CHI-446	1e-05	0.649948	0.277629	0.072412	0.350041
CHI-447	0.049238	0.413589	0.288496	0.248677	0.537173
CHI-449	0.032942	0.472926	0.371922	0.122211	0.494133
CHI-451	0.06354	0.483502	0.191452	0.261506	0.452958
CHI-452	0.044048	0.547851	0.091192	0.316909	0.408101
CHI-453	0.022426	0.483466	0.324636	0.169472	0.494108
CHI-455	0.01433	0.618001	0.060116	0.307543	0.367659
CHI-456	1e-05	0.499011	0.331965	0.169014	0.500979
CHI-457	0.016937	0.544095	0.012331	0.401979	0.41431
CHI-458	0.053523	0.343097	0.310747	0.292633	0.60338
CHI-459	0.099299	0.572141	0.283461	0.045099	0.32856
CHI-460	0.069328	0.587369	0.235439	0.107864	0.343303
CHI-461	0.023163	0.541001	0.150152	0.285683	0.435835
CHI-462	0.037008	0.575653	0.196953	0.190386	0.387339
CHI-463	0.049557	0.350145	0.233684	0.366614	0.600298
CHI-465	0.022912	0.632566	0.030173	0.314349	0.344522
CHI-466	0.127243	0.46354	0.093938	0.315279	0.409217
CHI-467	1e-05	0.517603	0.15708	0.325307	0.482387
CHI-469	1e-05	0.57502	0.080079	0.344891	0.42497
CHI-471	0.011539	0.634058	0.146775	0.207628	0.354403
CHI-472	1e-05	0.549962	0.225405	0.224623	0.450028
CHI-473	1e-05	0.441843	0.170843	0.387304	0.558147
CHI-474	0.086914	0.402149	0.176374	0.334562	0.510936
CHI-477	0.078056	0.399835	0.252775	0.269334	0.522109
CHI-479	1e-05	0.497817	0.30663	0.195543	0.502173
CHI-480	1e-05	0.673786	0.269643	0.05656	0.326203
CHI-481	0.016343	0.660101	0.051422	0.272124	0.323546
CHI-482	0.021166	0.646797	0.035949	0.287116	0.323065
CHI-483	0.069211	0.491554	0.22182	0.217415	0.439235
CHI-486	0.075632	0.474613	0.449744	1e-05	0.449754
CHI-488	0.091507	0.554188	0.194135	0.16017	0.354305
CHI-490	0.078525	0.478165	0.266598	0.176713	0.443311
CHI-491	0.040607	0.519579	0.375202	0.064612	0.439814
CHI-492	0.092064	0.50422	0.040702	0.363013	0.403715
CLSM-011	0.016447	0.509996	0.064473	0.395266	0.459739
CLSM-024	1e-05	0.610169	0.389811	1e-05	0.389821
CLSM-025	1e-05	0.559386	0.228583	0.212021	0.440604
CLSM-027	0.093532	0.455978	0.193529	0.256961	0.45049
CLSM-032	1e-05	0.660267	1e-05	0.339713	0.339723
CLSM-035	0.056161	0.348371	0.107327	0.488141	0.595468
CLSM-036	0.018258	0.29364	0.22552	0.462582	0.688102
CLSM-043	0.010613	0.55215	0.362696	0.074541	0.437237
CLSM-044	1e-05	0.583746	0.207942	0.208301	0.416243
CLSM-045	1e-05	0.765239	0.158242	0.076509	0.234751
CLSM-053	0.028193	0.615315	0.198207	0.158285	0.356492
CLSM-055	0.014676	0.441795	0.060708	0.476022	0.53673
CLSM-059	0.027707	0.488917	0.10021	0.369195	0.469405
CLSM-066	0.044875	0.557588	0.237815	0.159722	0.397537
CLSM-067	0.020609	0.680707	0.060636	0.232281	0.292917
CLSM-069	0.043299	0.791573	1e-05	0.165118	0.165128
CLSM-070	0.022824	0.45929	0.030292	0.474341	0.504633
CLSM-071	0.005681	0.609284	0.171895	0.21314	0.385035
CLSM-076	0.023377	0.901969	0.008568	0.066086	0.074654
CLSM-080	0.056832	0.487711	0.234855	0.220601	0.455456
CLSM-091	0.025371	0.585319	0.082881	0.291571	0.374452
CLSM-099	1e-05	0.821666	0.178314	1e-05	0.178324
CLSM-116	0.061546	0.725491	0.151922	0.061041	0.212963
CLSM-119	0.006323	0.490713	0.454165	0.048799	0.502964
CLSM-120	0.022346	0.626084	0.150771	0.2008	0.351571
CLSM-121	1e-05	0.422806	0.193344	0.38384	0.577184
CLSM-127	0.048074	0.533452	0.279345	0.139129	0.418474
CLSM-128	1e-05	0.728327	0.018092	0.241781	0.259873
CLSM-129	0.089216	0.87289	1e-05	0.037884	0.037894
CLSM-130	0.036895	0.530515	0.200092	0.232499	0.432591
CLSM-135	0.006803	0.52919	0.248108	0.2159	0.464008
CLSM-136	0.017305	0.568421	0.084003	0.317135	0.401138
CLSM-137	0.089481	0.368544	0.122966	0.419009	0.541975
CLSM-163	0.049097	0.471105	0.192286	0.287511	0.479797
CLSM-166	0.03496	0.513508	0.057895	0.376272	0.434167
CLSM-170	0.030432	0.552311	0.050176	0.357396	0.407572
CLSM-172	0.0229	0.604357	0.106322	0.266421	0.372743
CLSM-173	0.03164	0.654814	0.050887	0.257244	0.308131
CLSM-174	1e-05	0.522092	0.062355	0.415543	0.477898
CLSM-175	0.029614	0.58378	0.256233	0.130373	0.386606
CLSM-176	0.112805	0.596082	0.269507	0.021607	0.291114
CLSM-177	0.006871	0.456419	0.007731	0.512717	0.520448
CLSM-178	0.03077	0.413004	1e-05	0.556216	0.556226
CLSM-179	0.051093	0.33223	0.286527	0.33015	0.616677
CLSM-180	0.008725	0.715128	0.079744	0.196404	0.276148
CLSM-181	1e-05	0.591639	0.223618	0.184732	0.40835
CLSM-182	0.122336	0.835645	0.001628	0.040391	0.042019
CLSM-183	0.095465	0.82559	1e-05	0.078935	0.078945
CLSM-184	0.005032	0.774119	0.041359	0.17072	0.212079
CLSM-186	0.011962	0.707959	0.044108	0.235962	0.28007
CLSM-187	1e-05	0.775512	0.025454	0.185025	0.210479
CLSM-188	0.031398	0.938394	0.027216	0.002992	0.030208
CLSM-189	0.099149	0.759526	0.134027	0.007299	0.141326
CLSM-190	0.065947	0.549341	0.205626	0.179086	0.384712
CLSM-191	1e-05	0.990332	0.001601	1e-05	0.001611
CLSM-192	0.029293	0.551968	0.065842	0.34069	0.406532
CLSM-193	0.014944	0.854604	0.130442	1e-05	0.130452
CLSM-196	0.044402	0.671169	0.008484	0.275944	0.284428
CLSM-197	0.061247	0.77941	0.048918	0.110425	0.159343
CLSM-198	0.025955	0.917264	1e-05	0.056771	0.056781
CLSM-199	0.046451	0.902771	1e-05	0.050768	0.050778
CLSM-201	0.069082	0.588693	0.342214	1e-05	0.342224
CLSM-202	0.02677	0.524241	0.279452	0.169538	0.44899
COQ-014	0.032918	0.460078	0.195495	0.305279	0.500774
COQ-017	0.036839	0.557309	0.073983	0.320698	0.394681
COQ-028	0.052311	0.509964	0.142608	0.279338	0.421946
COQ-029	0.122219	0.584042	0.084922	0.208817	0.293739
COQ-031	0.048736	0.466914	0.124986	0.352381	0.477367
COQ-057	1e-05	0.564389	0.233765	0.201836	0.435601
COQ-058	0.026727	0.531311	0.127175	0.307485	0.43466
COQ-060	0.015335	0.459701	0.234957	0.290006	0.524963
COQ-062	0.022354	0.601475	0.096155	0.270351	0.366506
COQ-065	0.074316	0.304528	0.578748	0.042409	0.621157
COQ-066	0.043196	0.40652	0.120447	0.412185	0.532632
COQ-071	0.043899	0.378203	0.349649	0.228249	0.577898
COQ-082	0.092763	0.446956	0.107399	0.329657	0.437056
COQ-097	0.151664	0.456582	0.272764	0.118989	0.391753
COQ-098	0.00517	0.594417	0.043165	0.350265	0.39343
COQ-099	0.119196	0.6309	0.071387	0.178517	0.249904
COQ-100	0.066931	0.506076	0.315302	0.11169	0.426992
COQ-111	0.041775	0.462068	0.15261	0.340293	0.492903
COQ-114	0.029249	0.52609	0.199516	0.219649	0.419165
COQ-115	0.055854	0.552451	0.139894	0.232996	0.37289
COQ-117	0.036957	0.396865	0.184178	0.367505	0.551683
COQ-121	0.021864	0.527868	0.182104	0.268164	0.450268
COQ-123	0.037398	0.500132	0.04817	0.4143	0.46247
COQ-125	0.156491	0.413011	0.293131	0.137367	0.430498
COQ-129	1e-05	0.572962	0.181017	0.246011	0.427028
COQ-130	0.02682	0.438046	0.163373	0.368895	0.532268
COQ-133	0.037283	0.487008	0.130512	0.32465	0.455162
COQ-137	0.024162	0.405692	0.052872	0.498105	0.550977
COQ-140	0.062022	0.421309	0.137312	0.358184	0.495496
COQ-144	0.160523	0.361195	0.413764	0.064518	0.478282
COQ-145	0.066205	0.318861	0.331057	0.283876	0.614933
COQ-148	0.023906	0.527203	0.080217	0.366532	0.446749
COQ-152	0.05229	0.492686	0.138547	0.302541	0.441088
COQ-165	0.058723	0.418504	0.264933	0.25784	0.522773
COQ-168	0.032609	0.549473	0.366053	0.051864	0.417917
COQ-178	0.032771	0.524041	0.153231	0.278479	0.43171
COQ-183	0.057201	0.450821	0.341268	0.15071	0.491978
COQ-186	0.00752	0.618554	0.185019	0.188907	0.373926
COQ-194	0.023364	0.518489	0.317881	0.140266	0.458147
COQ-197	0.03181	0.658584	0.123762	0.185844	0.309606
COQ-200	0.028648	0.541854	0.289144	0.140354	0.429498
DV-002	0.053444	0.462644	0.230593	0.253319	0.483912
DV-003	1e-05	0.610432	0.156752	0.232807	0.389559
DV-004	1e-05	0.367911	0.075548	0.556532	0.63208
DV-005	0.086549	0.555688	0.028076	0.329686	0.357762
DV-007	0.058024	0.413378	0.232655	0.295944	0.528599
DV-008	0.022523	0.616721	0.190661	0.170095	0.360756
DV-009	0.016022	0.706422	0.025968	0.239058	0.265026
DV-012	1e-05	0.566044	1e-05	0.433936	0.433946
DV-013	0.056683	0.780921	0.065153	0.097242	0.162395
DV-014	0.031997	0.330552	0.271157	0.366294	0.637451
DV-015	0.042167	0.447675	1e-05	0.510147	0.510157
DV-016	0.011794	0.578969	0.031752	0.36131	0.393062
DV-017	0.073421	0.593852	0.029497	0.181623	0.21112
DV-018	0.042412	0.521358	0.153238	0.282993	0.436231
DV-019	0.099353	0.424425	0.189442	0.286779	0.476221
DV-020	0.050098	0.512021	0.369373	0.068508	0.437881
DV-021	0.042507	0.762475	0.138515	0.056503	0.195018
DV-022	0.107079	0.476943	0.362131	0.053847	0.415978
IQQ-001	0.072999	0.107531	0.793178	0.026292	0.81947
IQQ-004	0.019191	0.26117	0.547519	0.164102	0.711621
IQQ-012-B	0.020826	0.52289	0.30635	0.149934	0.456284
IQQ-017-B	0.044038	0.464678	0.183653	0.307631	0.491284
IQQ-021-B	1e-05	0.090355	0.75603	0.153605	0.909635
IQQ-025	1e-05	1e-05	0.99997	1e-05	0.99998
IQQ-028	0.138565	0.692829	0.096163	0.072443	0.168606
IQQ-029	0.026682	0.790554	0.047942	0.13115	0.179092
IQQ-030	0.052537	0.525995	0.225476	0.195992	0.421468
IQQ-032	0.037582	0.517178	0.268869	0.176372	0.445241
IQQ-033	0.020307	0.539671	0.215621	0.207753	0.423374
IQQ-039	0.032663	0.636217	0.185078	0.146043	0.331121
IQQ-046	0.042085	0.531717	0.148658	0.276032	0.42469
IQQ-047	0.105128	0.555423	1e-05	0.339438	0.339448
IQQ-049	0.06367	0.584064	0.068235	0.284021	0.352256
IQQ-050	0.021562	0.375551	0.476469	0.126418	0.602887
IQQ-052	0.101268	0.55518	0.11475	0.228801	0.343551
IQQ-054	1e-05	1e-05	0.755084	0.244896	0.99998
IQQ-055-B	1e-05	0.038688	0.7328	0.228502	0.961302
IQQ-057-B	0.056363	0.629392	0.191821	0.122424	0.314245
IQQ-058	0.053839	0.576632	0.34857	0.020958	0.369528
IQQ-073	0.035952	0.508201	0.185251	0.247943	0.433194
IQQ-077-B	0.052148	0.726283	0.149182	0.072388	0.22157
IQQ-079-B	0.051111	0.427068	0.357444	0.164377	0.521821
IQQ-082-B	0.076765	0.407799	0.409588	0.105849	0.515437
IQQ-089-B	0.068726	0.50304	0.162631	0.265604	0.428235
IQQ-098	0.04966	0.382979	0.09244	0.447744	0.540184
IQQ-099	0.003114	1e-05	0.911137	0.085739	0.996876
IQQ-106	0.007828	0.052475	0.860294	0.079403	0.939697
IQQ-111	0.021004	0.013096	0.811917	0.153984	0.965901
IQQ-112	0.020438	0.063474	0.794304	0.121784	0.916088
IQQ-122-B	0.038482	0.454655	0.289278	0.217586	0.506864
IQQ-125	1e-05	0.049613	0.913678	0.036699	0.950377
IQQ-129-B	0.06097	0.418761	0.218868	0.301402	0.52027
IQQ-132-B	0.063183	0.50002	0.052472	0.384325	0.436797
IQQ-135-B	0.095383	0.43345	0.229316	0.24185	0.471166
IQQ-136-B	0.11175	0.41553	0.241437	0.231282	0.472719
IQQ-139-B	0.051627	0.384421	0.37829	0.185663	0.563953
IQQ-141	0.034359	0.594942	0.074115	0.26864	0.342755
IQQ-143-B	0.091431	0.490111	0.248752	0.169705	0.418457
IQQ-145-B	0.111541	0.49247	0.076704	0.319284	0.395988
IQQ-146	0.015355	0.464669	0.080732	0.439233	0.519965
IQQ-149-B	0.052254	0.232082	0.707698	0.007967	0.715665
IQQ-150-B	0.087447	0.565787	1e-05	0.346755	0.346765
IQQ-151	0.032782	0.592395	0.0671	0.300717	0.367817
IQQ-152	0.058838	0.525353	0.128096	0.287713	0.415809
IQQ-154	0.027536	0.231841	0.440105	0.299571	0.739676
IQQ-155	0.013636	0.512751	0.042918	0.423342	0.46626
IQQ-156	0.099276	0.598826	0.265213	0.036685	0.301898
IQQ-157	0.040402	0.457187	0.110273	0.384975	0.495248
IQQ-158	0.035502	0.505626	0.116058	0.338445	0.454503
IQQ-173	0.049717	0.438589	0.147876	0.352443	0.500319
IQQ-175	0.039351	0.520753	0.127833	0.301918	0.429751
IQQ-180	0.028359	0.557569	0.085961	0.315784	0.401745
IQQ-199	0.02822	0.678275	0.03286	0.260635	0.293495
IQQ-200	0.021469	0.486886	0.331848	0.155999	0.487847
IQQ-204	0.051887	0.543426	0.134654	0.268016	0.40267
IQQ-206	0.105605	0.573695	1e-05	0.320691	0.320701
IQQ-209	0.03247	0.609844	0.191663	0.149909	0.341572
IQQ-225	1e-05	1e-05	0.845916	0.154064	0.99998
IQQ-228	0.029626	0.448154	0.044904	0.455776	0.50068
MFICH-205	0.050781	0.910328	1e-05	0.038881	0.038891
MFMCH-027	0.027208	0.534052	0.080211	0.353336	0.433547
MFMCH-029	0.015963	0.585866	0.065372	0.324834	0.390206
MFMCH-030	0.009177	0.448652	0.068821	0.457502	0.526323
MFMCH-032	0.045671	0.523775	0.307166	0.123387	0.430553
MFMCH-035	0.081671	0.622919	0.028393	0.267017	0.29541
MFMCH-036	0.199174	0.611751	1e-05	0.189065	0.189075
MFMCH-037	0.05712	0.531982	0.204494	0.206405	0.410899
MFMCH-038	0.017319	0.516452	0.014696	0.431105	0.445801
MFMCH-047	0.008232	0.490768	0.087069	0.406524	0.493593
MFMCH-051	0.089293	0.368502	0.189275	0.352931	0.542206
MFMCH-060	0.130954	0.462884	0.150178	0.255984	0.406162
MFMCH-061	0.09743	0.875699	0.026861	1e-05	0.026871
MPPA-011	0.032273	0.55314	0.258321	0.156266	0.414587
MPPA-012	0.047886	0.336401	0.180785	0.434928	0.615713
MPPA-013	0.01192	0.518912	0.05878	0.391946	0.450726
MPPA-014	0.038466	0.644522	1e-05	0.317002	0.317012
MPPA-017	0.088438	0.452852	1e-05	0.458699	0.458709
MPPA-020	0.013665	0.511833	0.042962	0.425413	0.468375
MPPA-021	0.010574	0.588105	0.193794	0.207527	0.401321
MPPA-022	1e-05	0.531706	0.036621	0.431663	0.468284
MPPA-023	0.044133	0.593921	1e-05	0.361936	0.361946
MPPA-024	1e-05	0.359018	0.158548	0.482424	0.640972
MPPA-025	0.036344	0.553895	0.105969	0.303793	0.409762
MPPA-026	0.035577	0.592321	0.046777	0.314006	0.360783
MPPA-222	1e-05	0.277312	0.01664	0.706038	0.722678
MPPA-223	0.130562	0.445396	0.23536	0.188682	0.424042
MPPA-224	0.008892	0.427181	0.072961	0.477074	0.550035
MPPA-225	0.08929	0.503596	0.161065	0.246048	0.407113
MPPA-227	0.002379	0.589195	0.304897	0.103529	0.408426
MPPA-229	0.029842	0.559892	0.073367	0.334521	0.407888
MPPA-231	0.046102	0.428693	0.186717	0.338488	0.525205
MPPA-232	1e-05	0.595101	0.07399	0.330899	0.404889
MPPA-233	0.042309	0.450515	0.398711	0.108465	0.507176
MPPA-234	0.002044	0.565033	1e-05	0.431067	0.431077
MPPA-235	0.092385	0.657398	0.218522	0.031695	0.250217
MPPA-237	0.073944	0.670441	0.112459	0.143156	0.255615
MPPA-238	0.052843	0.435684	0.250692	0.260781	0.511473
MPPA-239	0.057107	0.338405	0.238117	0.36637	0.604487
MPPA-240	0.06144	0.602218	0.05822	0.277596	0.335816
MPPA-241	0.056717	0.561108	1e-05	0.382165	0.382175
MPPA-242	1e-05	0.657236	1e-05	0.342744	0.342754
MPPA-243	0.035237	0.470832	0.089498	0.404424	0.493922
MPPA-244	0.034465	0.54183	0.127216	0.282899	0.410115
MPPA-245	0.008593	0.586244	0.161573	0.24359	0.405163
MPPA-247	0.026099	0.555472	0.08353	0.318939	0.402469
MPPA-248	0.015609	0.503979	0.045003	0.431924	0.476927
MPPA-250	0.020642	0.531127	0.034638	0.398769	0.433407
MPPA-251	1e-05	0.455544	0.461684	0.082762	0.544446
MPPA-252	0.06426	0.542351	0.146368	0.247021	0.393389
MPPA-253	0.059806	0.523448	0.125206	0.291541	0.416747
MPUC-071	0.046023	0.894291	1e-05	0.059675	0.059685
MPUC-072	0.096124	0.58263	0.137676	0.18357	0.321246
MPUC-074	0.038177	0.902177	0.045523	0.014122	0.059645
MPUC-075	0.022924	0.760473	0.058629	0.157975	0.216604
MPUC-077	0.096505	0.810811	1e-05	0.092674	0.092684
MPUC-082	0.081637	0.851731	0.035223	0.031409	0.066632
MPUC-084	0.032896	0.829251	0.137843	1e-05	0.137853
MPUC-085	0.010011	0.477536	0.023514	0.4758	0.499314
MPUC-086	0.027151	0.847324	1e-05	0.125515	0.125525
MPUC-087	0.009631	0.987958	1e-05	1e-05	2e-05
MPUC-089	0.011308	0.606551	0.117782	0.255644	0.373426
MPUC-090	0.096623	0.820414	1e-05	0.082953	0.082963
MPUC-091	0.041296	0.711169	0.137863	0.109673	0.247536
MPUC-092	0.018558	0.422143	0.351696	0.207603	0.559299
MPUC-093	0.023199	0.811601	0.062003	0.094367	0.15637
MPUC-094	0.072072	0.770361	1e-05	0.157557	0.157567
MPUC-185	0.0167	0.711623	0.008761	0.259285	0.268046
MPUC-186	0.09062	0.575594	0.271969	0.061817	0.333786
MPUC-187	1e-05	0.99997	1e-05	1e-05	2e-05
MPUC-189	0.094124	0.617749	0.094679	0.193448	0.288127
MPUC-194	1e-05	0.666573	0.271146	0.062271	0.333417
MPUC-195	0.026015	0.584618	0.139218	0.250149	0.389367
MPUC-292	0.011735	0.655586	0.048278	0.262917	0.311195
MPUC-293	0.042841	0.852629	1e-05	0.10452	0.10453
MPUC-294	0.064748	0.686058	0.142501	0.106693	0.249194
MPUC-295	0.059922	0.528765	0.201314	0.209999	0.411313
MPUC-296	0.068835	0.436115	0.078494	0.416555	0.495049
MPUC-297	0.008888	0.548032	0.031796	0.397818	0.429614
MPUC-298	0.030528	0.717032	0.078362	0.174079	0.252441
MPUC-299	0.012636	0.821006	0.038004	0.121917	0.159921
MPUC-300	0.044986	0.587279	0.240709	0.127027	0.367736
MPUC-301	0.069806	0.538923	1e-05	0.391261	0.391271
MPUC-302	0.052168	0.728132	0.21969	1e-05	0.2197
MPUC-304	0.047163	0.945075	1e-05	0.007753	0.007763
MUAB-096	0.014362	0.637287	0.06238	0.272606	0.334986
MUAB-099	0.033383	0.512673	0.33113	0.122815	0.453945
MUAB-102	0.063051	0.91915	0.017789	1e-05	0.017799
MUAB-105	1e-05	0.980564	0.019416	1e-05	0.019426
MUAB-106	1e-05	0.843413	0.037452	0.119125	0.156577
MUAB-109	0.021801	0.71704	0.050123	0.196903	0.247026
MUAB-116	0.043118	0.827538	1e-05	0.129334	0.129344
MUAB-124	0.014977	0.043234	0.770731	0.171057	0.941788
MUAB-133	0.004082	0.719775	0.016685	0.254018	0.270703
MUAB-135	0.016319	0.533827	0.074585	0.357098	0.431683
MUAB-139	0.006008	0.721268	0.014203	0.237173	0.251376
MUAB-143	1e-05	0.862034	1e-05	0.137946	0.137956
MUDP-001	1e-05	0.566058	0.200095	0.233838	0.433933
MUDP-002	0.061816	0.568645	1e-05	0.369529	0.369539
MUDP-004	0.025113	0.660464	0.053518	0.258669	0.312187
MUDP-005	0.037021	0.533356	0.243118	0.186505	0.429623
MUDP-006	1e-05	0.446724	0.043622	0.495224	0.538846
MUDP-007	0.027326	0.586497	0.057098	0.319976	0.377074
MUDP-008	1e-05	1e-05	0.995836	0.004134	0.99997
MUDP-009	0.117948	0.814995	1e-05	0.067047	0.067057
MUDP-010	0.095386	0.293939	0.338771	0.271903	0.610674
MUNAB-254	0.072093	0.536644	0.109463	0.2818	0.391263
MUNAB-255	0.096351	0.523602	0.159259	0.220787	0.380046
MUNAB-256	1e-05	0.720042	1e-05	0.279938	0.279948
MUNAB-257	0.027439	0.619255	0.127085	0.226222	0.353307
MUNAB-258	0.02508	0.611692	0.146794	0.216434	0.363228
MUNAB-259	0.042739	0.829374	0.015139	0.112748	0.127887
MUNAB-260	0.10166	0.34746	0.3907	0.160181	0.550881
MUNAB-261	0.014317	0.515036	0.071566	0.39293	0.464496
MUNAB-262	0.019469	0.802638	0.078541	0.099353	0.177894
MUNAB-263	0.090542	0.602867	1e-05	0.30658	0.30659
MUNAB-264	0.016403	0.600451	0.023922	0.359225	0.383147
MUNAB-265	0.111237	0.599393	0.203867	0.085503	0.28937
MUNAB-267	1e-05	0.538305	0.20121	0.260474	0.461684
MUNAB-268	0.10102	0.650029	0.169196	0.079755	0.248951
MUNAB-272	0.018555	0.722929	0.023949	0.220143	0.244092
MUNAB-273	0.02511	0.591001	0.24044	0.143449	0.383889
MUNAB-274	0.148666	0.482388	0.273647	0.095299	0.368946
MUNAB-275	0.031359	0.513064	0.082606	0.364778	0.447384
MUNAB-276	1e-05	0.724484	1e-05	0.275496	0.275506
MUNAB-278	0.030241	0.706248	0.051444	0.212068	0.263512
MUNAB-279	0.010227	0.532884	0.053684	0.400323	0.454007
MUNAB-280	0.047033	0.686468	0.057296	0.209203	0.266499
MUNAB-281	0.037948	0.592712	0.152726	0.216614	0.36934
MUNAB-282	0.053072	0.636196	0.214524	0.096208	0.310732
MUNAB-283	0.015568	0.566527	0.165934	0.251971	0.417905
MUNAB-284	1e-05	0.095874	0.372435	0.531682	0.904117
MUNAB-285	0.007203	0.770731	0.029913	0.184068	0.213981
MUNAB-286	0.042774	0.470232	0.128838	0.358156	0.486994
MUNAB-287	0.006064	0.831576	0.014181	0.124875	0.139056
MUNAB-288	0.058948	0.709976	0.128778	0.102299	0.231077
MUNAB-289	0.091315	0.610556	0.09468	0.203449	0.298129
MUNAB-290	0.040893	0.722522	0.074717	0.161868	0.236585
PT-010	0.022539	0.660172	0.054052	0.263238	0.31729
PT-012	0.035309	0.378222	0.270536	0.315933	0.586469
PT-013	0.045986	0.558785	0.199732	0.195497	0.395229
PT-015	1e-05	0.560096	0.185494	0.2544	0.439894
PT-016	0.041169	0.401756	0.315848	0.241227	0.557075
PT-017	0.032363	0.278351	0.329674	0.359613	0.689287
PT-018	0.039127	0.549129	0.171194	0.240551	0.411745
PT-019	0.016216	0.494628	1e-05	0.489146	0.489156
PT-020	0.014452	0.654	0.011702	0.319847	0.331549
PT-021	1e-05	0.404597	0.271635	0.323758	0.595393
PT-022	1e-05	0.362435	0.22599	0.411564	0.637554
PT-023	0.017631	0.548383	1e-05	0.433977	0.433987
PT-024	1e-05	0.456544	0.263946	0.2795	0.543446
PT-027	1e-05	0.474639	0.265834	0.259518	0.525352
PT-028	1e-05	0.414135	0.408376	0.17748	0.585856
PT-031	0.063049	0.566561	1e-05	0.37038	0.37039
PT-032	1e-05	0.333674	0.368265	0.29805	0.666315
PT-033	0.043806	0.467599	0.213039	0.275555	0.488594
PT-035	0.00514	0.272407	0.338176	0.384277	0.722453
PT-036	0.03695	0.304703	0.213665	0.444683	0.658348
PT-037	0.00901	0.5222	0.151551	0.317239	0.46879
PT-038	0.0448	0.356733	0.230704	0.367764	0.598468
PT-039	0.082481	0.462882	0.049465	0.405172	0.454637
PT-040	0.008617	0.497793	0.246663	0.246927	0.49359
PT-042	0.035875	0.440572	0.223529	0.300025	0.523554
PT-044	0.026067	0.507219	0.191345	0.275369	0.466714
PT-045	0.030751	0.482714	0.141073	0.345463	0.486536
PT-046	0.037311	0.361501	0.213814	0.387375	0.601189
PT-047	0.01302	0.13141	0.247285	0.608286	0.855571
PT-048	1e-05	0.644594	1e-05	0.355386	0.355396
PT-049	0.042066	0.411492	0.201179	0.345263	0.546442
PT-051	1e-05	0.500294	0.107054	0.392642	0.499696
PT-052	1e-05	0.46777	0.122857	0.409363	0.53222
PT-053	0.007183	0.608323	0.003739	0.380755	0.384494
PT-054	1e-05	0.338629	0.055649	0.605711	0.66136
PT-056	0.013787	0.176965	0.303597	0.505651	0.809248
PT-057	0.016028	0.285461	0.29885	0.399661	0.698511
PT-058	0.082226	0.459729	0.069469	0.388576	0.458045
PT-061	0.032318	0.530293	0.179366	0.258023	0.437389
PT-062	1e-05	0.597324	0.237176	0.165491	0.402667
PT-063	0.033831	0.52845	0.12519	0.312529	0.437719
PT-066	1e-05	0.563479	0.305376	0.131135	0.436511
PT-067	0.046508	0.433324	0.122187	0.397982	0.520169
PT-068	0.061773	0.474907	0.243396	0.219924	0.46332
PT-070	0.007573	0.319237	0.248873	0.424317	0.67319
PT-071	0.010963	0.415598	0.068231	0.505207	0.573438
PT-072	0.081552	0.554204	1e-05	0.364234	0.364244
PT-074	0.048481	0.435628	0.170884	0.345006	0.51589
PT-076	0.076667	0.370707	0.212377	0.340249	0.552626
PT-077	0.008975	0.372891	0.41958	0.198554	0.618134
PT-078	0.047848	0.519216	1e-05	0.432926	0.432936
PT-079	0.08189	0.413928	0.030125	0.474057	0.504182
PT-081	0.019702	0.412847	0.128118	0.439334	0.567452
PT-082	1e-05	0.579143	0.300306	0.120541	0.420847
PT-083	0.005849	0.293953	0.185272	0.514925	0.700197
PT-085	0.02748	0.54694	0.025006	0.400573	0.425579
PT-086	1e-05	0.543791	0.130637	0.325563	0.4562
PT-088	0.024078	0.451599	0.277438	0.246885	0.524323
PT-089	0.024318	0.589982	0.076235	0.309466	0.385701
PT-090	0.048526	0.437814	1e-05	0.513651	0.513661
PT-092	0.008234	0.463493	0.228008	0.300265	0.528273
PT-093	0.018185	0.501722	0.162565	0.317528	0.480093
PT-094	1e-05	0.379503	0.298613	0.321874	0.620487
PT-095	0.043445	0.193939	0.166766	0.59585	0.762616
PT-096	0.050483	0.502856	0.152166	0.294496	0.446662
PT-097	0.040621	0.48418	0.167055	0.308143	0.475198
PT-098	1e-05	0.367253	0.225113	0.407624	0.632737
PT-099	0.029464	0.434116	1e-05	0.53641	0.53642
PT-100	0.005667	0.546985	0.100966	0.346381	0.447347
PT-101	0.009548	0.591556	0.211113	0.187783	0.398896
PT-103	0.017112	0.472775	0.138367	0.371746	0.510113
PT-104	0.017719	0.5219	0.138279	0.322101	0.46038
PT-105	1e-05	0.557634	0.14878	0.293576	0.442356
PT-106	0.017253	0.406971	0.144934	0.430843	0.575777
PT-107	0.015966	0.431381	0.091864	0.460788	0.552652
PT-109	0.025067	0.271793	0.346999	0.356142	0.703141
PT-110	0.030187	0.26522	0.097375	0.607218	0.704593
PT-114	0.015224	0.585745	0.081696	0.317335	0.399031
PT-115	0.038804	0.394102	0.392929	0.174165	0.567094
PT-116	0.088828	0.509427	1e-05	0.401735	0.401745
PT-121	0.024295	0.486806	0.287138	0.201761	0.488899
PT-124	1e-05	0.460028	0.031231	0.508731	0.539962
PT-126	0.033139	0.489946	0.334408	0.142507	0.476915
PT-127	0.049091	0.304361	0.309074	0.337474	0.646548
PT-131	0.038267	0.411984	0.382611	0.167138	0.549749
PT-132	0.024725	0.374263	0.10866	0.492352	0.601012
PT-133	0.085678	0.304696	0.358645	0.250981	0.609626
PT-134	1e-05	0.361239	0.227773	0.410978	0.638751
PT-135	1e-05	0.325893	0.257981	0.416116	0.674097
SER-001	0.031273	0.546944	0.193731	0.228051	0.421782
SER-002	0.016901	0.495469	0.131068	0.356553	0.487621
SER-005	0.030535	0.578692	0.083096	0.307677	0.390773
SER-007	1e-05	0.753328	0.070879	0.175783	0.246662
SER-012	0.008247	0.572943	0.184272	0.234538	0.41881
SER-014	0.055952	0.382778	0.210047	0.325681	0.535728
SER-015	0.017231	0.492681	0.042483	0.446283	0.488766
SER-016	0.044766	0.432756	0.320943	0.201534	0.522477
SER-018	0.034452	0.530022	0.112009	0.309815	0.421824
SER-019	0.066795	0.438148	0.379315	0.115742	0.495057
SER-020	0.04975	0.441153	1e-05	0.509088	0.509098
SER-024	0.082263	0.488481	0.125932	0.295455	0.421387
SER-026	0.003049	0.502901	0.463442	0.030608	0.49405
SER-027	0.024026	0.490995	0.037043	0.435916	0.472959
SER-029	0.138828	0.335918	0.307445	0.217809	0.525254
SER-030	1e-05	0.60017	0.210303	0.189517	0.39982
SER-031	0.040032	0.496551	0.172176	0.266177	0.438353
SER-033	0.043887	0.494528	0.181994	0.2674	0.449394
SER-035	0.045254	0.471499	0.163164	0.312036	0.4752
SER-037	1e-05	0.465204	1e-05	0.534776	0.534786
SER-040	0.03333	0.633564	0.117101	0.208521	0.325622
SER-044	0.070392	0.29734	0.62964	0.002628	0.632268
SER-046	0.039833	0.542684	0.19768	0.219803	0.417483
SER-049	0.034328	0.62493	0.112092	0.218239	0.330331
SER-073	0.0512	0.513779	0.15185	0.272086	0.423936
SER-075	0.03347	0.448544	0.105794	0.391605	0.497399
SER-101	1e-05	0.174347	0.409548	0.416095	0.825643
SER-119	0.098841	0.335389	0.317231	0.24854	0.565771
SER-120	0.024766	0.549787	0.067943	0.348219	0.416162
SER-122	0.034438	0.443314	0.178474	0.333204	0.511678
SER-123	0.081495	0.454336	0.312224	0.151946	0.46417
SER-124	0.090413	0.53238	0.230998	0.14621	0.377208
SER-127	0.000752	0.525818	0.151403	0.322027	0.47343
SER-128	1e-05	0.606661	0.237587	0.155742	0.393329
SER-129	0.037723	0.459036	0.151715	0.342005	0.49372
SER-131	1e-05	0.477112	0.361891	0.160987	0.522878
SER-132	0.079471	0.477359	0.141745	0.296202	0.437947
SER-133	0.016278	0.516529	0.052671	0.407443	0.460114
SER-135	0.019411	0.521154	0.267695	0.191739	0.459434
SER-136	0.027461	0.441916	0.166514	0.340238	0.506752
SER-137	0.004017	0.490895	0.218187	0.286901	0.505088
SER-141	0.073896	0.34987	0.561296	0.014938	0.576234
SER-142	0.066929	0.380571	0.151604	0.395951	0.547555
SER-147	0.009455	0.712752	1e-05	0.277783	0.277793
SER-151	0.02618	0.536703	0.119778	0.293808	0.413586
SER-154	0.020983	0.543458	0.174442	0.25206	0.426502
SER-156	0.026934	0.469832	0.096999	0.393363	0.490362
SER-161	0.017721	0.573591	0.129244	0.269351	0.398595
SER-162	0.02741	0.439735	0.168874	0.351419	0.520293
SER-163	0.035464	0.556623	0.082581	0.324625	0.407206
SER-164	0.11128	0.353576	0.189132	0.346012	0.535144
SER-165	0.02869	0.521002	0.100576	0.335465	0.436041
SER-166	0.044687	0.380411	0.556231	0.018671	0.574902
SER-167	0.039257	0.535928	0.095156	0.32966	0.424816
SER-168	0.064473	0.450029	0.176881	0.281946	0.458827
SER-169	0.036093	0.479248	0.036492	0.42431	0.460802
SER-170	0.105245	0.442468	0.255793	0.196495	0.452288
SER-172	0.008826	0.847163	0.027084	0.097179	0.124263
SER-173	0.025542	0.544364	0.120734	0.30936	0.430094
SER-174	0.013747	0.348307	0.423845	0.2141	0.637945
SER-175	0.023383	0.625449	0.080553	0.270615	0.351168
SER-176	0.032572	0.571312	0.13531	0.257951	0.393261
SER-178	0.086658	0.457703	0.120158	0.335482	0.45564
SER-179	0.035281	0.399309	0.182754	0.326234	0.508988
SER-180	0.020359	0.472292	0.141206	0.350978	0.492184
SER-181	0.039133	0.539341	0.204234	0.217292	0.421526
SER-183	0.028648	0.538601	0.144127	0.236899	0.381026
SER-184	0.115148	0.4114	0.262637	0.210815	0.473452
SER-185	0.040754	0.450892	0.165802	0.32925	0.495052
SER-186	0.067007	0.441284	0.090705	0.381411	0.472116
SER-187	0.091969	0.530261	0.1542	0.22357	0.37777
SER-188	0.061566	0.533443	0.186294	0.218697	0.404991
SER-190	0.027353	0.498388	0.097473	0.357935	0.455408
SER-191	0.04653	0.501994	0.153037	0.297308	0.450345
SER-192	0.044557	0.505863	0.160245	0.279137	0.439382
SER-193	0.069041	0.432829	0.360354	0.137776	0.49813
SER-195-A	0.123839	0.424718	0.204538	0.246905	0.451443
SER-198-A	0.029727	0.426101	0.251023	0.293148	0.544171
SER-199-A	0.04015	0.484567	0.303267	0.172016	0.475283
SER-200-A	0.054847	0.601774	0.000368	0.343012	0.34338
SER-201-B	1e-05	0.615108	0.049937	0.334945	0.384882
SER-202-B	0.020385	0.611846	0.179479	0.188289	0.367768
SER-204-B	0.009994	0.501976	0.31817	0.16986	0.48803
SJ-55	0.005158	0.179576	1e-05	0.815247	0.815257
SJ-62	0.020999	0.283896	1e-05	0.695085	0.695095
SJ-67	1e-05	0.311704	1e-05	0.6751	0.67511
SJ-72	1e-05	0.279566	1e-05	0.719782	0.719792
TEM-002	0.039474	0.685438	1e-05	0.275078	0.275088
TEM-003	0.003783	0.556823	0.016393	0.415464	0.431857
TEM-006	0.010892	0.536834	0.303801	0.148473	0.452274
TEM-018	0.005853	0.388844	0.385341	0.219962	0.605303
TEM-020	1e-05	0.505827	0.325654	0.168509	0.494163
TEM-047	1e-05	0.123775	0.192859	0.683357	0.876216
TEM-062	1e-05	0.231811	0.355682	0.412497	0.768179
TEM-063	0.007382	0.350923	0.009249	0.616494	0.625743
TEM-064	0.016056	0.500559	0.121189	0.357171	0.47836
TEM-065	0.062594	0.635179	0.133668	0.168558	0.302226
TEM-066	0.054642	0.578049	1e-05	0.367299	0.367309
TEM-068	1e-05	0.932052	1e-05	0.066332	0.066342
TEM-072	0.050132	0.563775	1e-05	0.386084	0.386094
TEM-076	0.013291	0.394828	0.432755	0.159127	0.591882
TEM-077	0.040861	0.490415	0.172958	0.295766	0.468724
TEM-079	0.082595	0.658621	0.060678	0.198106	0.258784
TEM-080	0.065376	0.497553	0.115077	0.321994	0.437071
TEM-081	0.034409	0.604852	0.318234	0.042505	0.360739
TEM-082	0.032524	0.900996	0.035562	0.030918	0.06648
TEM-083	0.02992	0.431601	0.191384	0.347095	0.538479
TEM-084	1e-05	1e-05	0.490802	0.509178	0.99998
TEM-085	0.014637	0.244932	0.226105	0.514326	0.740431
TEM-086	0.053324	0.354648	0.254082	0.337946	0.592028
TEM-088	0.020523	0.568708	0.034007	0.36867	0.402677
TEM-089	0.027973	0.561495	0.161362	0.24917	0.410532
TEM-090	0.039956	0.49392	0.155685	0.310439	0.466124
TEM-092	0.01101	0.59426	0.026953	0.350309	0.377262
TEM-098	0.011768	0.327142	0.028702	0.627724	0.656426
TEM-104	1e-05	0.151891	0.116957	0.731142	0.848099
TEM-111	1e-05	0.073581	0.135413	0.790996	0.926409
TEM-119	0.011699	0.120303	0.359983	0.508015	0.867998
TEM-134	1e-05	0.327713	0.034161	0.638116	0.672277
TEM-135	1e-05	0.54565	0.288654	0.165686	0.45434
TEM-136	0.029268	0.303337	0.138322	0.529072	0.667394
TEM-143	0.027655	0.480271	0.096556	0.395508	0.492064
TEM-149	0.037619	0.188066	0.306199	0.468116	0.774315
TEM-150	0.016015	0.495907	0.059714	0.423135	0.482849
TEM-156	0.008727	0.526726	0.07482	0.378768	0.453588
TEM-158	0.014172	0.574618	0.029367	0.373833	0.4032
TEM-165	0.019646	0.547805	0.042174	0.381144	0.423318
TEM-167	0.01807	0.293791	0.022104	0.655184	0.677288
TEM-170	0.030756	0.455064	0.22392	0.29026	0.51418
TEM-182	0.075202	0.411915	0.432008	0.080875	0.512883
TEM-183	0.059138	0.574546	0.215303	0.151013	0.366316
TEM-184	0.020605	0.532461	0.008548	0.414502	0.42305
TEM-185	0.056745	0.472152	0.139019	0.332084	0.471103
TEM-186	0.019128	0.306459	0.060837	0.611508	0.672345
TEM-188	0.04381	0.458145	0.213374	0.284672	0.498046
TEM-189	0.021414	0.041973	0.240815	0.695798	0.936613
TEM-190	0.054553	0.529364	0.122314	0.293769	0.416083
TEM-191	0.021256	0.592994	0.371401	0.014349	0.38575
TEM-192	0.094045	0.481898	0.127915	0.296142	0.424057
TEM-193	0.052679	0.483551	1e-05	0.46376	0.46377
TEM-194	1e-05	0.541175	0.183751	0.275064	0.458815
TEM-195	0.026134	0.438731	0.01995	0.515184	0.535134
TEM-196	0.007931	0.519869	0.050628	0.406545	0.457173
TEM-197	1e-05	0.341784	0.186555	0.471652	0.658207
TEM-199	0.011809	0.428025	0.08309	0.473126	0.556216
TEM-201	0.053989	0.379256	0.332425	0.23433	0.566755
TEM-203	0.045422	0.58242	0.134146	0.238012	0.372158
TEM-204	0.03606	0.425738	0.043361	0.494841	0.538202
TEM-205	0.061131	0.319573	0.20925	0.410046	0.619296
TEM-206	0.022849	0.554795	0.072726	0.337022	0.409748
TEM-207	0.037808	0.525778	0.070574	0.353122	0.423696
TEM-209	0.051672	0.398087	0.07851	0.471732	0.550242
TEM-210	0.08277	0.148841	0.284967	0.483422	0.768389
TEM-211	0.030685	0.265215	0.161654	0.542445	0.704099
TEM-214	0.020735	0.501259	0.053211	0.410196	0.463407
TEM-215	0.028954	0.497037	0.153768	0.320241	0.474009
TEM-216	0.07798	0.446971	0.026665	0.448384	0.475049
TEM-218	0.062417	0.400034	0.369951	0.167598	0.537549
TEM-219	0.046239	0.275007	0.256705	0.422049	0.678754
TEM-220	0.03742	0.504641	0.186758	0.271182	0.45794
TEM-221	0.00941	0.634206	0.040181	0.316193	0.356374
TEM-222	1e-05	0.073512	0.194211	0.732267	0.926478
TEM-223	0.016033	0.3507	0.081436	0.551832	0.633268
TEM-224	1e-05	0.289518	0.313073	0.397399	0.710472
TEM-225	0.043782	0.351769	0.331872	0.272577	0.604449
TEM-226	1e-05	0.580305	0.059455	0.360229	0.419684
TEM-227	0.047351	0.601051	0.180596	0.171003	0.351599
TEM-228	1e-05	0.549966	0.128426	0.321598	0.450024
TEM-229	0.014957	0.552332	0.066272	0.355383	0.421655
TEM-231	0.081786	0.649229	0.187972	0.081013	0.268985
TEM-232	0.071668	0.44668	0.135352	0.3463	0.481652
TEM-233	1e-05	0.260693	0.253581	0.485716	0.739297
TEM-234	0.055348	0.478084	0.237926	0.228641	0.466567
TEM-236	0.071109	0.574559	0.17204	0.182293	0.354333
TEM-237	0.028003	0.459108	0.194573	0.318316	0.512889
TEM-239	0.031347	0.508313	0.30734	0.153	0.46034
TEM-240	0.048341	0.453944	0.142146	0.355569	0.497715
TEM-241	0.018004	0.560621	0.067006	0.343545	0.410551
TEM-242	1e-05	0.444251	0.073996	0.481743	0.555739
TEM-243	1e-05	0.274856	0.121339	0.603796	0.725135
TEM-245	0.054836	0.786887	0.158267	1e-05	0.158277
TEM-246	0.010372	0.429466	0.009946	0.533347	0.543293
TEM-248	0.030901	0.459298	0.211071	0.29873	0.509801
TEM-249	0.018588	0.189007	0.179116	0.613289	0.792405
TEM-250	0.004751	0.592699	0.173567	0.228983	0.40255
TEM-251	1e-05	0.343342	0.364445	0.292203	0.656648
TEM-252	0.007814	0.680517	0.0237	0.266596	0.290296
TEM-253	1e-05	0.485681	0.220265	0.294044	0.514309
TEM-254	0.040674	0.552292	1e-05	0.407025	0.407035
TEM-255	0.0901	0.549614	1e-05	0.360276	0.360286
TEM-257	0.020956	0.375647	0.26841	0.334987	0.603397
TEM-258	0.000256	0.362186	0.270731	0.366827	0.637558
TEM-259	1e-05	0.552003	1e-05	0.447977	0.447987
TEM-261	0.014986	0.102549	0.132147	0.750319	0.882466
TEM-262	1e-05	0.506961	0.221389	0.27164	0.493029
TEM-264	0.041867	0.512445	0.08911	0.356577	0.445687
TEM-266	0.035305	0.37929	0.234445	0.35096	0.585405
TEM-267	0.036122	0.574816	1e-05	0.389052	0.389062
TEM-268	1e-05	0.373165	0.254121	0.372704	0.626825
TEM-269	0.014688	0.22804	0.038357	0.706549	0.744906
TEM-270	1e-05	0.151938	0.173413	0.674638	0.848051
TEM-274	1e-05	0.122985	0.017175	0.847534	0.864709
TEM-275	1e-05	0.26646	0.2542	0.47933	0.73353
TEM-277	1e-05	0.499209	0.203646	0.297135	0.500781
TEM-280	0.067835	0.485866	0.314489	0.131809	0.446298
TEM-281	1e-05	0.545334	0.21708	0.237576	0.454656
TEM-282	0.029416	0.386681	0.46254	0.121362	0.583902
TEM-284	0.068017	0.51927	1e-05	0.412703	0.412713
TEM-285	1e-05	0.449628	0.166398	0.383964	0.550362
TEM-286	0.023083	0.601474	1e-05	0.375433	0.375443
TEM-288	0.001938	0.700687	1e-05	0.297366	0.297376
TEM-289	0.026855	0.634696	1e-05	0.338438	0.338448
TEM-290	0.007512	0.599631	0.392847	1e-05	0.392857
TEM-291	1e-05	0.326796	0.102966	0.570228	0.673194
TEM-292	0.069489	0.317698	0.329813	0.283	0.612813
TEM-293	0.073064	0.572369	1e-05	0.354557	0.354567
TEM-295	0.03157	0.47717	1e-05	0.49125	0.49126
TEM-297	0.015411	0.073603	1e-05	0.910976	0.910986
TEM-300	1e-05	0.360338	0.024336	0.615316	0.639652
TEM-304	0.045031	0.155887	0.333426	0.465656	0.799082
TEM-306	0.016533	0.541584	0.296099	0.145784	0.441883
TEM-309	0.030694	0.494947	0.030227	0.425199	0.455426
TEM-310	0.040048	0.228775	0.216588	0.514588	0.731176
TEM-313	0.055102	0.418504	0.389268	0.137126	0.526394
TEM-314	1e-05	0.515701	0.128491	0.355798	0.484289
TEM-315	1e-05	0.217037	0.254428	0.528526	0.782954
TEM-316	1e-05	0.538924	1e-05	0.461056	0.461066
TEM-317	0.024363	0.505683	0.135254	0.3347	0.469954
TEM-318	0.036513	0.465907	0.116805	0.380775	0.49758
TEM-319	0.040835	0.449585	0.210373	0.299208	0.509581
TEM-320	0.001601	0.125883	0.280807	0.591709	0.872516
TEM-321	0.058769	0.361305	1e-05	0.579916	0.579926
TEM-322	1e-05	0.361594	0.25466	0.383736	0.638396
TEM-323	0.005886	0.266696	0.184366	0.543051	0.727417
TEM-324	0.032682	0.516683	0.415398	0.035237	0.450635
TEM-325	0.008073	0.580012	0.104267	0.307647	0.411914
TEM-326	0.026793	0.340386	0.1981	0.434721	0.632821
TEM-327	0.072917	0.192329	0.319828	0.414926	0.734754
TEM-329	0.03498	0.262261	0.317312	0.385446	0.702758
TEM-331	0.033667	0.581879	0.149337	0.235117	0.384454
TEM-333	1e-05	0.367234	0.340795	0.291961	0.632756
TEM-335	1e-05	0.465156	0.304699	0.230135	0.534834
TEM-336	0.05855	0.416438	0.346773	0.17824	0.525013
TEM-339	0.08114	0.471687	0.219224	0.227948	0.447172
TEM-340	0.014627	0.420536	0.035435	0.529402	0.564837
TEM-341	0.044217	0.432799	1e-05	0.522974	0.522984
TEM-342	0.002154	0.236404	0.105203	0.656239	0.761442
TEM-343	0.02382	0.572595	0.128473	0.275113	0.403586
TEM-344	0.046942	0.406957	0.152761	0.39334	0.546101
TEM-345	0.042464	0.407464	0.299614	0.250459	0.550073
TEM-348	0.064647	0.662835	0.104145	0.168373	0.272518
TEM-349	0.115532	0.578446	0.078312	0.227711	0.306023
TEM-350	1e-05	0.167102	0.242691	0.590197	0.832888
TEM-351	0.037618	0.371936	1e-05	0.590437	0.590447
TEM-353	0.0411	0.327569	0.197084	0.434247	0.631331
TEM-354	1e-05	0.524846	0.186951	0.288194	0.475145
TEM-355	0.087881	0.554068	1e-05	0.358041	0.358051
TEM-356	1e-05	0.254813	0.257054	0.488124	0.745178
TEM-357	0.016949	0.553418	0.040298	0.375454	0.415752
TEM-358	0.024419	0.513854	0.069689	0.392038	0.461727
TEM-359	0.050992	0.406994	1e-05	0.542004	0.542014
TEM-362	0.033479	0.566646	0.071089	0.328787	0.399876
TEM-363	0.014298	0.556326	0.092751	0.320613	0.413364
TEM-364	0.007142	0.327469	0.040634	0.624745	0.665379
TEM-365	0.034567	0.551118	0.108487	0.305828	0.414315
TEM-366	0.038532	0.311224	0.29367	0.356574	0.650244
TEM-367	0.009736	0.516856	0.062964	0.399612	0.462576
TEM-369	0.011136	0.603615	0.073377	0.305472	0.378849
TEM-370	0.014955	0.466606	0.03097	0.465129	0.496099
TEM-371	0.001033	0.334243	0.082378	0.576562	0.65894
TEM-372	0.048829	0.362044	0.327935	0.261192	0.589127
TEM-373	0.023631	0.129457	0.300964	0.545948	0.846912
TEM-374	0.046495	0.45368	0.246901	0.252924	0.499825
TEM-376	0.040918	0.028252	0.274836	0.655995	0.930831
TEM-377	0.018333	0.635924	0.210504	0.135239	0.345743
TEM-379	0.014829	0.528152	0.07336	0.381648	0.455008
TEM-380	0.081616	0.536705	0.031324	0.350354	0.381678
TEM-381	0.078254	0.48212	0.123611	0.316016	0.439627
TEM-383	0.039638	0.36232	0.161076	0.436967	0.598043
TEM-385	0.042738	0.452822	0.379953	0.124487	0.50444
TEM-386	0.009186	0.524281	0.139552	0.32698	0.466532
TEM-387	0.014307	0.530765	0.028755	0.414413	0.443168
TEM-388	0.0694	0.370297	0.299513	0.260791	0.560304
TEM-389	0.011847	0.558763	0.028982	0.3958	0.424782
TEM-392	0.084264	0.126783	0.123868	0.665084	0.788952
TEM-393	1e-05	0.182888	0.237894	0.579208	0.817102
TEM-394	0.059243	0.457998	0.030161	0.452598	0.482759
TEM-397	0.016938	0.529618	1e-05	0.453434	0.453444
TEM-398	0.03992	0.320654	0.309674	0.329752	0.639426
TEM-399	0.022064	0.098364	0.171909	0.707663	0.879572
TEM-400	0.041566	0.357761	0.20614	0.394533	0.600673
TEM-401	0.113502	0.579319	0.01659	0.290589	0.307179
TEM-403	0.018942	0.509899	0.127861	0.332983	0.460844
TEM-404	0.022659	0.529241	0.067279	0.372258	0.439537
TEM-405	0.029034	0.572007	0.068025	0.330934	0.398959
TEM-406	0.111033	0.448797	0.067234	0.372936	0.44017
TEM-407	1e-05	0.471397	0.258054	0.27054	0.528594
TEM-408	0.037504	0.609824	0.098426	0.254247	0.352673
TEM-409	0.08199	0.371573	0.329626	0.216811	0.546437
TEM-410	0.063762	0.474909	0.16794	0.293389	0.461329
TEM-412	0.038391	0.184714	0.354873	0.422022	0.776895
TEM-414	0.05331	0.513198	0.129002	0.30449	0.433492
TEM-415	1e-05	0.375495	0.340768	0.283727	0.624495
TEM-416	0.02266	0.463036	0.287701	0.226603	0.514304
TEM-417	0.030466	0.478281	0.257993	0.23326	0.491253
TEM-418	0.048088	0.570535	0.151423	0.229954	0.381377
TEM-419	0.086971	0.329268	0.364077	0.219683	0.58376
TEM-420	0.074911	0.550235	0.161783	0.213072	0.374855
TEM-423	0.072147	0.486799	0.102656	0.338397	0.441053
TEM-424	0.03776	0.55384	0.223667	0.184733	0.4084
TEM-425	0.051961	0.768373	0.10682	0.072845	0.179665
TEM-426	0.015937	0.481506	0.346356	0.156202	0.502558
TEM-427	0.008518	0.456254	0.052797	0.476502	0.529299
TEM-428	0.085316	0.463931	0.174312	0.276442	0.450754
TEM-429	0.040461	0.356229	0.438768	0.164542	0.60331
TEM-432	1e-05	0.48205	1e-05	0.51793	0.51794
TEM-433	1e-05	0.528606	0.253711	0.217672	0.471383
TEM-434	0.007024	0.508115	0.090177	0.39398	0.484157
TEM-437	1e-05	0.53488	0.162701	0.302409	0.46511
TEM-438	0.092369	0.44938	0.102759	0.355492	0.458251
TEM-439	0.12452	0.51653	0.133579	0.22537	0.358949
TEM-443	1e-05	0.244879	0.259015	0.496096	0.755111
TEM-444	0.007755	0.660257	0.013498	0.317826	0.331324
TEM-445	0.010798	0.703644	0.03216	0.240336	0.272496
TEM-446	0.079478	0.44466	0.423705	0.052158	0.475863
TEM-448	0.04472	0.520382	0.11015	0.324748	0.434898
TEM-449	1e-05	0.550981	0.216357	0.232652	0.449009
TEM-450	0.041971	0.575721	0.191403	0.190906	0.382309
TEM-451	0.04204	0.423206	0.324212	0.210542	0.534754
TEM-452	0.030312	0.616424	0.078198	0.275066	0.353264
TEM-453	0.070355	0.731556	0.046108	0.151982	0.19809
TEM-454	0.00176	0.338445	1e-05	0.659775	0.659785
TEM-455	0.040038	0.374174	0.386487	0.199301	0.585788
TEM-456	0.005489	0.66021	0.028501	0.3058	0.334301
TEM-459	0.045056	0.731549	0.044968	0.178427	0.223395
TEM-462	0.021255	0.566178	0.066415	0.333188	0.399603
TEM-463	0.007491	0.513758	0.087447	0.385759	0.473206
TEM-464	0.037063	0.471005	0.279795	0.212137	0.491932
TEM-465	0.218571	0.353538	0.396067	0.031824	0.427891
TEM-466	0.040052	0.84081	1e-05	0.119128	0.119138
TEM-468	0.067964	0.801914	1e-05	0.130112	0.130122
TEM-469	0.055427	0.50706	0.01966	0.417853	0.437513
TEM-470	0.077948	0.543169	0.119664	0.259219	0.378883
TEM-473	0.038776	0.537859	0.23707	0.186295	0.423365
TEM-476	1e-05	0.627816	0.17644	0.195735	0.372175
TEM-477	0.062858	0.49201	0.258475	0.186656	0.445131
TEM-478	1e-05	0.481069	0.016233	0.487619	0.503852
TEM-479	0.049807	0.581309	0.002	0.366883	0.368883
TEM-480	1e-05	0.512814	0.356409	0.130767	0.487176
TEM-481	1e-05	0.589946	0.319075	0.09097	0.410045
TEM-483	0.012318	0.622828	0.018411	0.332269	0.35068
TEM-484	1e-05	0.506351	0.00438	0.489249	0.493629
TEM-486	0.017616	0.124847	0.318591	0.538945	0.857536
TEM-487	1e-05	0.486901	0.102966	0.410124	0.51309
TEM-488	0.117093	0.609589	1e-05	0.273308	0.273318
TEM-489	0.007406	0.212842	0.32628	0.453472	0.779752
TEM-490	0.03316	0.460284	0.151962	0.354593	0.506555
TEM-491	1e-05	0.20876	0.243794	0.547436	0.79123
TEM-492	0.022723	0.434431	0.389924	0.152922	0.542846
TEM-495	0.001291	0.47388	0.009793	0.515036	0.524829
TEM-496	0.024241	0.511748	0.233906	0.230105	0.464011
TEM-500	0.088277	0.60418	1e-05	0.307533	0.307543
TEM-501	0.060708	0.518585	0.191823	0.228883	0.420706
TEM-502	0.091542	0.394489	0.22504	0.288929	0.513969
TEM-503	0.03569	0.118432	0.449832	0.396046	0.845878
TEM-507	0.051061	0.599862	0.291667	0.05741	0.349077
TEM-509	0.077516	0.486123	0.316924	0.119438	0.436362
TEM-510	1e-05	0.151285	1e-05	0.830333	0.830343
TEM-511	0.019602	0.207265	0.357388	0.415746	0.773134
TEM-513	0.066714	0.48299	0.17737	0.272926	0.450296
TEM-515	0.052527	0.40049	0.153214	0.393768	0.546982
TEM-516	0.037725	0.599122	0.092836	0.248083	0.340919
TEM-517	0.017153	0.540611	0.083418	0.358817	0.442235
TEM-518	1e-05	0.00961	1.2e-05	0.990359	0.990371
TEM-519	0.055264	0.428961	0.455965	0.05981	0.515775
TEM-522	1e-05	0.545783	0.166031	0.288176	0.454207
TEM-523	0.023656	0.469652	0.297093	0.209599	0.506692
TEM-524	0.046982	0.591122	0.109015	0.252881	0.361896
TEM-525	0.121874	0.278495	0.341017	0.258615	0.599632
TEM-526	0.035357	0.649477	0.11477	0.200396	0.315166
TEM-527	0.003593	0.589214	0.285607	0.121586	0.407193
TEM-528	0.019959	0.582074	0.131164	0.266803	0.397967
TEM-529	0.041599	0.487719	1e-05	0.470672	0.470682
TEM-531	0.026004	0.509459	0.215876	0.248661	0.464537
TEM-532	1e-05	0.288388	0.039385	0.671779	0.711164
TEM-533	0.045151	0.571827	0.069495	0.313527	0.383022
TEM-534	0.085868	0.305487	0.225745	0.3829	0.608645
TEM-535	0.049748	0.519194	0.037648	0.393411	0.431059
TEM-539	0.059355	0.571825	0.105411	0.263409	0.36882
TEM-540	1e-05	0.668284	0.036079	0.295627	0.331706
TEM-541	0.018571	0.349104	0.120547	0.511778	0.632325
TEM-542	0.061957	0.682732	0.140411	0.1149	0.255311
TEM-543	0.023014	0.482185	0.034188	0.450565	0.484753
TEM-545	0.048888	0.756135	1e-05	0.194967	0.194977
TEM-546	0.072692	0.627638	0.075098	0.224573	0.299671
TEM-547	0.014503	0.574063	0.044206	0.355428	0.399634
TEM-548	1e-05	0.562652	0.120092	0.317246	0.437338
TEM-549	0.01936	0.612297	0.046471	0.316551	0.363022
TEM-550	1e-05	0.306093	0.388629	0.305268	0.693897
TEM-552	0.004497	0.524507	0.018106	0.437519	0.455625
TEM-553	0.014804	0.189433	0.391988	0.403775	0.795763
TEM-554	0.005349	0.228656	0.34133	0.424665	0.765995
TEM-555	0.041894	0.8139	0.057998	0.086209	0.144207
TEM-556	0.03273	0.57606	0.291769	0.099441	0.39121
TEM-557	0.047585	0.406848	0.440358	0.105209	0.545567
TEM-558	0.051091	0.552727	0.093661	0.302521	0.396182
TEM-560	0.023534	0.466724	1e-05	0.509732	0.509742
TEM-561	0.043294	0.624639	0.007114	0.324953	0.332067
TEM-562	0.05787	0.742327	0.073862	0.12594	0.199802
TEM-565	0.030037	0.271957	0.128043	0.569963	0.698006
TEM-575	0.050763	0.636847	0.103587	0.208803	0.31239
TEM-578	0.011527	0.482227	0.063815	0.429107	0.492922
TEM-579	0.077503	0.360373	0.288891	0.273232	0.562123
TRA-084	1e-05	0.188677	0.001985	0.803788	0.805773
TRA-112	0.021493	0.237799	0.032702	0.696624	0.729326
TRIOH-071	0.052246	0.604928	0.238199	0.104627	0.342826
TRIOH-072	0.034085	0.64915	0.029216	0.287548	0.316764
TRIOH-074	0.049403	0.538863	0.076916	0.334818	0.411734
TRIOH-075	1e-05	0.951398	1e-05	0.048582	0.048592
TRIOH-081	1e-05	0.171822	0.591327	0.236841	0.828168
TRIOH-083	1e-05	0.648223	1e-05	0.351757	0.351767
TRIOH-084	0.039862	0.503947	0.117329	0.338862	0.456191
TRIOM-001	0.044266	0.50553	0.041761	0.398117	0.439878
TRIOM-002	0.024588	0.923816	0.025602	0.025984	0.051586
TRIOM-003	0.023261	0.976709	1e-05	1e-05	2e-05
TRIOM-004	0.007354	0.74574	0.019919	0.216002	0.235921
TRIOM-005	0.016397	0.641469	0.022426	0.314619	0.337045
TRIOM-006	0.053293	0.584149	0.049133	0.31112	0.360253
TRIOM-008	0.039935	0.67751	0.016111	0.266433	0.282544
TRIOM-009	0.029245	0.538691	0.035513	0.381773	0.417286
TRIOM-011	0.018865	0.583627	0.052918	0.335111	0.388029
TRIOM-013	0.032991	0.65479	0.05304	0.2536	0.30664
TRIOM-014	0.012745	0.647923	0.056475	0.272274	0.328749
TRIOM-051	0.023243	0.566325	0.032498	0.36081	0.393308
TRIOM-055	0.021983	0.598559	0.029489	0.340109	0.369598
TRIOM-056	0.005468	0.577261	0.022075	0.395186	0.417261
TRIOM-057	0.025712	0.585281	0.038437	0.34155	0.379987
TRIOM-058	0.018356	0.456113	0.03293	0.491266	0.524196
TRIOM-059	0.0155	0.488397	0.022975	0.456948	0.479923
TRIOM-060	1e-05	0.213531	1e-05	0.782022	0.782032
TRIOM-061	0.040152	0.561695	0.070144	0.312223	0.382367
TRIOM-062	0.034947	0.544543	0.043724	0.366095	0.409819
TRIOM-063	0.066949	0.520682	0.097964	0.314395	0.412359
TRIOM-064	0.032363	0.799991	1e-05	0.135913	0.135923
TRIOM-065	0.036294	0.594144	0.033903	0.327663	0.361566
TRIOM-066	0.082924	0.435666	0.104125	0.37232	0.476445
TRIOM-067	0.026771	0.644058	0.013779	0.302202	0.315981
TRIOM-068	0.076893	0.418565	0.133632	0.347507	0.481139
TRIOM-069	0.0771	0.470229	0.08978	0.352798	0.442578
TRIOM-070	0.037547	0.534412	0.124456	0.29851	0.422966
TRIOM-071	0.027651	0.576695	0.051173	0.344471	0.395644
TRIOM-072	0.052567	0.506181	0.134921	0.297006	0.431927
TRIOM-073	0.034376	0.571362	0.087	0.307252	0.394252
TRIOM-074	0.035011	0.54966	0.083807	0.315438	0.399245
TRIOM-075	0.026502	0.907124	1e-05	0.065961	0.065971
TRIOM-081	1e-05	0.142923	0.636114	0.220954	0.857068
TRIOM-082	0.017536	0.487419	0.050183	0.444852	0.495035
TRIOM-084	0.039196	0.395559	0.456961	0.106026	0.562987
TRIOM-085	0.02677	0.439327	0.099245	0.412635	0.51188
TRIOP-001	0.040982	0.520401	0.053237	0.37567	0.428907
TRIOP-002	0.003435	0.902364	0.007132	0.087059	0.094191
TRIOP-003	0.040333	0.538241	0.028949	0.389444	0.418393
TRIOP-004	0.026015	0.827204	0.008936	0.13257	0.141506
TRIOP-005	0.042267	0.529575	0.124892	0.282725	0.407617
TRIOP-006	0.007905	0.673986	0.025277	0.278984	0.304261
TRIOP-008	0.036646	0.611576	0.013242	0.332871	0.346113
TRIOP-009	0.020711	0.48286	0.059926	0.435359	0.495285
TRIOP-013	0.014906	0.534502	0.051166	0.393912	0.445078
TRIOP-051	0.024742	0.808824	0.02172	0.144704	0.166424
TRIOP-055	0.032064	0.702529	1e-05	0.265386	0.265396
TRIOP-056	0.033968	0.5755	0.018515	0.35861	0.377125
TRIOP-057	0.015026	0.583257	0.037989	0.353863	0.391852
TRIOP-058	0.00955	0.443508	0.029585	0.510047	0.539632
TRIOP-059	0.009478	0.563854	0.029926	0.382456	0.412382
TRIOP-060	0.024508	0.560819	0.007541	0.394801	0.402342
TRIOP-061	0.044379	0.738889	0.019027	0.194563	0.21359
TRIOP-062	0.045316	0.447612	1e-05	0.50521	0.50522
TRIOP-063	0.041723	0.543238	0.039081	0.375237	0.414318
TRIOP-064	0.0253	0.612927	0.03807	0.313357	0.351427
TRIOP-065	0.030328	0.687098	0.01184	0.261463	0.273303
TRIOP-066	0.050917	0.480509	0.1011	0.358509	0.459609
TRIOP-067	0.029349	0.677067	0.049598	0.243976	0.293574
TRIOP-068	0.058967	0.487403	0.102324	0.33526	0.437584
TRIOP-069	0.04019	0.496891	0.039287	0.423622	0.462909
TRIOP-070	0.08395	0.517895	0.123404	0.274742	0.398146
TRIOP-071	0.044875	0.562892	0.133675	0.251345	0.38502
TRIOP-072	0.021071	0.5975	0.104705	0.268841	0.373546
TRIOP-073	0.024272	0.381537	0.184754	0.39389	0.578644
TRIOP-074	0.015943	0.498477	0.077002	0.406121	0.483123
TRIOP-075	0.030945	0.914268	0.01751	0.033676	0.051186
TRIOP-082	0.065054	0.488315	0.174749	0.261364	0.436113
TRIOP-083	1e-05	0.234545	0.625746	0.139698	0.765444
TRIOP-084	0.067382	0.455033	0.101112	0.376464	0.477576
TRIOP-085	0.054997	0.490296	0.147543	0.293379	0.440922
MUAB-123	0.001164	0.699809	0.278675	0.020352	0.299027
MUAB-118	0.100616	0.634975	0.07253	0.19188	0.26441
MUAB-108	0.064762	0.751822	1e-05	0.183405	0.183415
MPUC-183	0.009757	0.863563	0.084218	0.042461	0.126679
MPUC-083	0.065907	0.705514	0.228569	1e-05	0.228579
MPUC-081	0.068481	0.714719	1e-05	0.216789	0.216799
MPUC-069	0.014799	0.871315	0.113876	1e-05	0.113886
MFMCH-178	0.05103	0.807498	0.015585	0.125886	0.141471
MFMCH-176	0.083954	0.352555	0.190936	0.372554	0.56349
MFMCH-155	0.023622	0.493453	0.259572	0.223354	0.482926
MFMCH-153	0.098113	0.631392	1e-05	0.270485	0.270495
MFMCH-057	0.086323	0.802505	1e-05	0.111163	0.111173
MFMCH-054	0.035603	0.804259	1e-05	0.160127	0.160137
MFMCH-053	0.040526	0.593783	0.159672	0.20602	0.365692
MFICH-206	0.014739	0.577581	0.149227	0.258453	0.40768
DV-001	0.115015	0.485194	1e-05	0.399781	0.399791
COQ-132	0.056747	0.706903	1e-05	0.23634	0.23635
CLSM-195	0.064954	0.805931	1e-05	0.129105	0.129115
CLSM-157	0.093056	0.725033	1e-05	0.181901	0.181911
CLSM-147	0.070073	0.836224	1e-05	0.093693	0.093703
CLSM-146	1e-05	0.797239	1e-05	0.202741	0.202751
CLSM-117	0.001198	0.752433	1e-05	0.246359	0.246369
CLSM-114	0.048986	0.687635	1e-05	0.263369	0.263379
CLSM-106	0.087467	0.712261	0.123196	0.077075	0.200271
CLSM-105	0.119673	0.556632	0.165188	0.158507	0.323695
CLSM-104	0.037335	0.63869	1e-05	0.323964	0.323974
CLSM-089	1e-05	0.623149	0.171049	0.205792	0.376841
CLSM-085	0.08584	0.594562	0.071531	0.248067	0.319598
CLSM-082	0.096307	0.664429	0.205514	0.03375	0.239264
CLSM-074	0.075166	0.538422	0.120341	0.266071	0.386412
CLSM-054	1e-05	0.779002	0.036854	0.184134	0.220988
CLSM-052	0.015906	0.894274	1e-05	0.08981	0.08982
CLSM-033	0.119224	0.536571	0.099679	0.244526	0.344205
CLSM-022	0.078938	0.386911	0.219282	0.314869	0.534151
CLSM-013	0.095748	0.545749	0.091263	0.26724	0.358503
CLSM-012	0.093929	0.740771	1e-05	0.165289	0.165299
CLSM-007	0.044374	0.733615	1e-05	0.222001	0.222011
CLSM-002	0.021051	0.82172	1e-05	0.157219	0.157229
CHI-478	1e-05	0.647705	0.192171	0.160114	0.352285
CHI-476	0.035871	0.726892	1e-05	0.237227	0.237237
CHI-441	1e-05	0.638832	0.12452	0.236637	0.361157
CHI-349	0.042721	0.641043	1e-05	0.316226	0.316236
CHI-320	0.042849	0.71094	0.200984	0.045227	0.246211
CHI-301	0.068922	0.591913	0.16001	0.179155	0.339165
CHI-272	0.045264	0.654229	1e-05	0.300497	0.300507
CHI-269	0.092708	0.642028	0.147625	0.117639	0.265264
CHI-253	0.052603	0.588781	0.180367	0.178249	0.358616
CHI-241	0.019975	0.657089	0.089578	0.233358	0.322936
CHI-233	1e-05	0.633496	0.209038	0.157457	0.366495
CHI-227	1e-05	0.665087	1e-05	0.334893	0.334903
CHI-183	1e-05	0.598412	0.297345	0.104233	0.401578
CHI-166	1e-05	0.69963	0.187014	0.113346	0.30036
CHI-160	0.04737	0.567843	0.034993	0.349794	0.384787
CHI-151	1e-05	0.732762	0.053067	0.214161	0.267228
CHI-150	1e-05	0.695021	1e-05	0.304959	0.304969
CHI-119	0.047641	0.628962	1e-05	0.323388	0.323398
CHI-118	0.093304	0.598114	0.113494	0.195087	0.308581
CHI-035	0.052436	0.519448	0.027997	0.400118	0.428115
CHI-031	1e-05	0.564365	1e-05	0.435615	0.435625
CHI-024	0.060595	0.569975	1e-05	0.36942	0.36943
CHI-022	0.01791	0.615113	1e-05	0.366967	0.366977
CDSJ-543	0.087222	0.645062	1e-05	0.267706	0.267716
CDSJ-542	0.056694	0.663002	1e-05	0.280294	0.280304
CDSJ-485	0.067335	0.630701	1e-05	0.301955	0.301965
CDSJ-436	0.057412	0.512197	0.064069	0.366322	0.430391
CDSJ-432	0.086221	0.597017	0.176664	0.140098	0.316762
CDSJ-431	0.073729	0.557162	1e-05	0.3691	0.36911
CDSJ-426	0.172396	0.444098	1e-05	0.383495	0.383505
CDSJ-423	0.031376	0.583769	0.114428	0.270427	0.384855
CDSJ-370	1.4e-05	0.597847	0.106959	0.29518	0.402139
CDSJ-323	0.051827	0.462963	0.253486	0.231724	0.48521
CDSJ-291	0.041504	0.653128	0.215758	0.08961	0.305368
CDSJ-289	0.03935	0.580215	1e-05	0.380425	0.380435
CDSJ-247	0.086734	0.630605	1e-05	0.282651	0.282661
CDSJ-230	0.061255	0.629413	1e-05	0.309322	0.309332
CDSJ-176	1e-05	0.221605	1e-05	0.778375	0.778385
CDSJ-151	0.05036	0.67456	1e-05	0.275069	0.275079
CDSJ-103	0.026271	0.593423	0.22956	0.150745	0.380305
CDSJ-086	1e-05	0.599699	0.239767	0.160524	0.400291
CDSJ-068	0.013406	0.581359	0.207411	0.197824	0.405235
CDSJ-067	0.044665	0.658567	0.106536	0.190232	0.296768
CDSJ-054	0.116912	0.560491	1e-05	0.322587	0.322597
CDSJ-052	0.050847	0.574658	0.138346	0.236149	0.374495
CDSJ-012	1e-05	0.724897	1e-05	0.275083	0.275093
CDSJ-005	0.103302	0.543793	0.225964	0.126941	0.352905
MUAB-125	0.032121	0.457588	0.266901	0.24339	0.510291
MUAB-129	0.044065	0.66031	1e-05	0.295615	0.295625
MUAB-130	0.00881	0.744022	0.039532	0.207636	0.247168
MUNAB-211	0.053297	0.693706	1e-05	0.252987	0.252997
MUNAB-215	0.123119	0.488671	0.159489	0.228721	0.38821
MUNAB-271	1e-05	0.591129	1e-05	0.408851	0.408861
MUNAB-277	0.003475	0.695524	0.219321	0.081679	0.301
TEM-011	0.064152	0.612698	0.036309	0.286841	0.32315
TEM-045	0.071513	0.521006	1e-05	0.407471	0.407481
TEM-046	1e-05	0.277247	0.277552	0.445191	0.722743
TEM-067	1e-05	0.707767	1e-05	0.292213	0.292223
TEM-071	0.026142	0.657384	0.225766	0.090709	0.316475
TEM-073	1e-05	0.591129	1e-05	0.408851	0.408861
TEM-074	0.01335	0.711531	0.038738	0.236381	0.275119
TEM-078	0.02782	0.41112	0.297341	0.263719	0.56106
TEM-087	1e-05	0.649215	0.208019	0.142756	0.350775
TEM-091	0.055288	0.396724	0.229799	0.318189	0.547988
TEM-094	0.033678	0.656056	0.215258	0.095007	0.310265
TEM-096	0.026779	0.663995	1e-05	0.309216	0.309226
TEM-097	0.001568	0.577519	0.022071	0.398841	0.420912
TEM-099	0.013799	0.668003	1e-05	0.318188	0.318198
TEM-115	0.0341	0.55126	0.123456	0.291184	0.41464
TEM-120	0.036861	0.833656	1e-05	0.129473	0.129483
TEM-130	0.023937	0.54564	0.023163	0.40726	0.430423
TEM-133	0.049027	0.631933	1e-05	0.31903	0.31904
TEM-137	0.0257	0.304935	0.163482	0.505883	0.669365
TEM-140	0.041896	0.400696	0.15046	0.406949	0.557409
TEM-168	1e-05	0.581784	0.090894	0.327311	0.418205
TEM-173	0.008802	0.455989	1e-05	0.535199	0.535209
TEM-175	0.025611	0.640718	0.058685	0.274987	0.333672
TEM-177	0.036037	0.533032	0.088202	0.342728	0.43093
TEM-179	0.087727	0.70871	1e-05	0.203554	0.203564
TEM-180	0.043718	0.47999	0.025456	0.450836	0.476292
TEM-181	0.053969	0.603777	1e-05	0.342243	0.342253
TEM-187	0.055766	0.501815	0.073471	0.368948	0.442419
TEM-200	0.008183	0.621037	1e-05	0.37077	0.37078
TEM-212	1e-05	0.442106	1e-05	0.557874	0.557884
TEM-213	0.070743	0.273403	0.139352	0.516502	0.655854
TEM-230	0.061903	0.618776	0.069509	0.249812	0.319321
TEM-247	0.039508	0.629118	0.221935	0.109439	0.331374
TEM-271	0.037986	0.509009	0.162193	0.290811	0.453004
TEM-272	0.065712	0.608294	0.131891	0.194104	0.325995
TEM-273	0.035426	0.618341	0.17872	0.167514	0.346234
TEM-276	0.058598	0.597698	1e-05	0.343694	0.343704
TEM-279	0.037863	0.492595	1e-05	0.469532	0.469542
TEM-283	0.037676	0.506397	0.108302	0.347626	0.455928
TEM-312	0.036645	0.636264	0.097026	0.230065	0.327091
TEM-332	1e-05	0.576121	1e-05	0.423859	0.423869
TEM-337	0.078653	0.530319	0.06121	0.329817	0.391027
TEM-347	1e-05	0.340554	0.010346	0.64909	0.659436
TEM-378	0.041772	0.437192	1e-05	0.521026	0.521036
TEM-382	1e-05	0.65546	1e-05	0.34452	0.34453
TEM-391	0.104388	0.625466	0.014079	0.256067	0.270146
TEM-395	1e-05	0.407653	1e-05	0.592327	0.592337
TEM-396	0.054306	0.660508	1e-05	0.285176	0.285186
TEM-402	0.035369	0.598539	1e-05	0.366081	0.366091
TEM-422	0.010367	0.667065	1e-05	0.322558	0.322568
TEM-447	0.047204	0.589035	0.025822	0.337939	0.363761
TEM-347	1e-05	0.345659	1e-05	0.654321	0.654331
TEM-230	0.058869	0.623947	0.091	0.226184	0.317184
TEM-497	0.045017	0.539462	0.181725	0.233797	0.415522
MUNAB-271	0.069044	0.544513	1e-05	0.386433	0.386443
CDSJ-043	0.046543	0.522684	0.39851	0.032264	0.430774
TEM-046	1e-05	0.288694	0.269798	0.441498	0.711296
CDSJ-428	0.042859	0.628835	1e-05	0.328296	0.328306
TEM-402	0.008216	0.62327	1e-05	0.368504	0.368514
TEM-043	1e-05	0.231659	1e-05	0.768321	0.768331
TEM-247	0.039007	0.618331	0.236131	0.106531	0.342662
TEM-332	1e-05	0.576121	1e-05	0.423859	0.423869
CDSJ-274	0.034409	0.465491	0.077596	0.422504	0.5001
TEM-200	0.004253	0.62284	1e-05	0.372897	0.372907
CDSJ-208	0.112437	0.45348	0.289024	0.145058	0.434082
TEM-396	0.060685	0.669442	1e-05	0.269863	0.269873
MUAB-120	0.038069	0.678797	1e-05	0.283123	0.283133
TEM-378	0.009895	0.465506	1e-05	0.524589	0.524599
TEM-212	1e-05	0.442106	1e-05	0.557874	0.557884
TEM-337	0.079017	0.530425	0.076739	0.31382	0.390559
TEM-181	0.058626	0.59562	1e-05	0.345744	0.345754
TEM-187	0.056123	0.502963	0.073148	0.367766	0.440914
TEM-213	0.065427	0.25933	0.143251	0.531992	0.675243
MUNAB-277	0.005689	0.690697	0.223712	0.079902	0.303614
TEM-494	0.060136	0.535345	0.124201	0.280318	0.404519
TEM-559	1e-05	0.216001	1e-05	0.783979	0.783989
TEM-467	0.054923	0.565488	0.029408	0.350181	0.379589
TEM-391	0.100807	0.631747	0.010647	0.256799	0.267446
CLSM-143	1e-05	0.661033	0.070731	0.268226	0.338957
MFICH-208	0.068001	0.695767	1e-05	0.236223	0.236233
TEM-180	0.043457	0.480283	0.026255	0.450005	0.47626
TEM-137	0.019101	0.289558	0.116426	0.574915	0.691341
TEM-395	0.000287	0.417892	1e-05	0.581811	0.581821
